dataset,classifier,fold,accuracy,balanced_accuracy,f1_weighted,cohen_kappa,fit_time_s,predict_time_s
Computers,ROCKET,0,0.84,0.8400000000000001,0.8394219189080689,0.6799999999999999,19.55051532998914,4.616701719991397
Computers,MiniROCKET,0,0.79,0.79,0.7894736842105263,0.5800000000000001,0.7997417149599642,0.1426134939538315
Computers,MultiROCKET,0,0.85,0.85,0.84998499849985,0.7,8.70748762000585,2.0197549180011265
Computers,MultiROCKETHydra,0,0.84,0.84,0.84,0.6799999999999999,11.753748525981791,2.6406638139742427
Computers,1NN-ED,0,0.55,0.55,0.5495946351716544,0.09999999999999998,0.0007580410456284881,0.3338980959961191
Computers,1NN-DTW,0,0.7,0.7,0.6989160979526295,0.4,0.000522511953022331,85.53856363304658
Computers,ST,0,0.71,0.71,0.7013695808876531,0.42000000000000004,393.45367891399655,8.678825691982638
Computers,BOSS,0,0.84,0.8400000000000001,0.8394219189080689,0.6799999999999999,483.7316295710043,3.5683748309966177
Computers,TSF,0,0.78,0.78,0.7785829307568438,0.56,9.209837503964081,1.29130418098066
Computers,catch22,0,0.72,0.72,0.7189883580891209,0.43999999999999995,0.9343201399897225,0.1209755300078541
Computers,ROCKET,1,0.85,0.85,0.84998499849985,0.7,18.457617494976148,4.619426147954073
Computers,MiniROCKET,1,0.83,0.83,0.82998299829983,0.6599999999999999,0.6957428170135245,0.1472843189840205
Computers,MultiROCKET,1,0.86,0.86,0.8599439775910364,0.72,8.620145327004138,2.001022983051371
Computers,MultiROCKETHydra,1,0.88,0.88,0.879951980792317,0.76,11.157587468042038,2.6190366759547032
Computers,1NN-ED,1,0.61,0.6100000000000001,0.6090225563909774,0.21999999999999997,0.000743498036172241,0.01090868201572448
Computers,1NN-DTW,1,0.72,0.72,0.719551282051282,0.43999999999999995,0.0006697460194118321,85.9423747350229
Computers,ST,1,0.82,0.8200000000000001,0.8199279711884754,0.64,390.16704435198335,8.620667980983853
Computers,BOSS,1,0.8,0.8,0.7987117552334944,0.6,487.1813880809932,1.3967830410110764
Computers,TSF,1,0.81,0.81,0.8098288459613653,0.62,9.290489647013601,1.2883270610473119
Computers,catch22,1,0.8,0.8,0.8,0.6,0.6830666669993661,0.11999584297882393
Computers,ROCKET,2,0.9,0.9,0.9,0.8,18.51647733495338,4.614310332981404
Computers,MiniROCKET,2,0.87,0.87,0.8699869986998701,0.74,0.6686630750191398,0.15265842899680138
Computers,MultiROCKET,2,0.91,0.9099999999999999,0.9097744360902256,0.8200000000000001,8.566710852028336,2.095296567014884
Computers,MultiROCKETHydra,2,0.91,0.9099999999999999,0.9097744360902256,0.8200000000000001,11.091172137996182,2.7019375770469196
Computers,1NN-ED,2,0.56,0.56,0.56,0.12,0.0007425370276905596,0.010482216021046042
Computers,1NN-DTW,2,0.7,0.7,0.6998799519807923,0.4,0.0006551299593411386,85.51643409300596
Computers,ST,2,0.85,0.8500000000000001,0.8496240601503758,0.7,391.63991876202635,8.54421744402498
Computers,BOSS,2,0.88,0.8799999999999999,0.8795664391810518,0.76,479.2596130759921,3.42001814203104
Computers,TSF,2,0.81,0.81,0.8095238095238095,0.62,9.177223392995074,1.412383068993222
Computers,catch22,2,0.83,0.8300000000000001,0.8298468621759583,0.6599999999999999,0.6868622120236978,0.11981320398626849
Computers,ROCKET,3,0.86,0.86,0.86,0.72,18.514379947970156,4.6183350359788164
Computers,MiniROCKET,3,0.88,0.8799999999999999,0.8795664391810518,0.76,0.7010775929666124,0.15319376799743623
Computers,MultiROCKET,3,0.94,0.94,0.9399759903961583,0.88,8.633879289031029,1.991824826982338
Computers,MultiROCKETHydra,3,0.94,0.94,0.9399038461538461,0.88,11.150869761011563,2.597254878957756
Computers,1NN-ED,3,0.67,0.6699999999999999,0.6691729323308272,0.33999999999999997,0.0007352750399149954,0.01073739497223869
Computers,1NN-DTW,3,0.72,0.72,0.7144022847817217,0.43999999999999995,0.0006504729972220957,85.81549142999575
Computers,ST,3,0.89,0.8899999999999999,0.889458345894885,0.78,391.9959014150081,8.387085241964087
Computers,BOSS,3,0.83,0.8300000000000001,0.8291628982011858,0.6599999999999999,483.843941181025,2.406228468986228
Computers,TSF,3,0.79,0.79,0.7898108297467721,0.5800000000000001,9.113045754958875,1.4141704349895008
Computers,catch22,3,0.86,0.86,0.8599439775910364,0.72,0.6946963079972193,0.11970492597902194
Computers,ROCKET,4,0.88,0.8799999999999999,0.8795664391810518,0.76,18.489847514021676,4.649092143052258
Computers,MiniROCKET,4,0.79,0.79,0.7889659330720531,0.5800000000000001,0.6596817270037718,0.144353817042429
Computers,MultiROCKET,4,0.86,0.86,0.859098228663446,0.72,8.610671520000324,2.062320764991455
Computers,MultiROCKETHydra,4,0.87,0.87,0.8684077335762729,0.74,11.11226785701001,2.681205150031019
Computers,1NN-ED,4,0.49,0.49,0.48748869460355737,-0.020000000000000018,0.0007368230144493282,0.010928625997621566
Computers,1NN-DTW,4,0.71,0.71,0.7085720028137876,0.42000000000000004,0.0006513000116683543,85.58169946400449
Computers,ST,4,0.78,0.78,0.7796474358974359,0.56,391.3888991199783,8.38455801596865
Computers,BOSS,4,0.81,0.81,0.8090644156366192,0.62,479.8672165949829,2.558238966972567
Computers,TSF,4,0.66,0.6599999999999999,0.6578099838969405,0.31999999999999995,9.107254826987628,1.2844060939969495
Computers,catch22,4,0.75,0.75,0.7493734335839599,0.5,0.6869219189975411,0.12094466696726158
Earthquakes,ROCKET,0,0.8279569892473119,0.5789473684210527,0.7737882364160885,0.22981366459627328,12.904833398002665,3.0589075900497846
Earthquakes,MiniROCKET,0,0.7419354838709677,0.5053342816500711,0.7040191331738901,0.013262599469495928,0.6230910099693574,0.1199531140155159
Earthquakes,MultiROCKET,0,0.7956989247311828,0.5782361308677098,0.7611490573551845,0.1993656547349344,9.026629813946784,2.1113769190269522
Earthquakes,MultiROCKETHydra,0,0.7956989247311828,0.5586770981507824,0.7508288252187271,0.15736766809728175,10.259933771041688,2.2978778480319306
Earthquakes,1NN-ED,0,0.6344086021505376,0.43776671408250356,0.6344086021505376,-0.12446657183499288,0.0007040129858069122,0.33677006501238793
Earthquakes,1NN-DTW,0,0.7419354838709677,0.6031294452347084,0.7419354838709677,0.2062588904694168,0.0005329230334609747,37.13534500700189
Earthquakes,ST,0,0.7956989247311828,0.5,0.7051703045521859,0.0,219.3301839150372,4.26201599399792
Earthquakes,BOSS,0,0.7956989247311828,0.5,0.7051703045521859,0.0,376.4416981319664,5.812223286018707
Earthquakes,TSF,0,0.7849462365591398,0.49324324324324326,0.6998315844021246,-0.020856201975850697,7.02720351703465,0.8164292529691011
Earthquakes,catch22,0,0.7849462365591398,0.5128022759601707,0.7172352955201107,0.037267080745341574,0.7356444969773293,0.08043596101924777
Earthquakes,ROCKET,1,0.7608695652173914,0.4794520547945205,0.6857219538378958,-0.0596858638743456,12.197520098998211,3.0277503329562023
Earthquakes,MiniROCKET,1,0.6847826086956522,0.45097332372025956,0.6564044037437322,-0.11352253756260455,0.5347742940066382,0.12005414004670456
Earthquakes,MultiROCKET,1,0.717391304347826,0.4520547945205479,0.662905888827738,-0.1251175917215428,8.944175059965346,2.1230604170123115
Earthquakes,MultiROCKETHydra,1,0.7065217391304348,0.4452054794520548,0.6570202160066464,-0.13944954128440346,9.627358227036893,2.340976867999416
Earthquakes,1NN-ED,1,0.6956521739130435,0.47728911319394374,0.6731264302059496,-0.05142857142857138,0.000703324971254915,0.008174137969035655
Earthquakes,1NN-DTW,1,0.7282608695652174,0.5367700072098054,0.712173564030748,0.08146964856230043,0.0006283199763856828,36.809796468005516
Earthquakes,ST,1,0.7934782608695652,0.5,0.7021080368906456,0.0,217.00299088202883,4.022994904022198
Earthquakes,BOSS,1,0.782608695652174,0.4931506849315068,0.696712619300106,-0.02108768035516073,377.9409238260123,5.333053241018206
Earthquakes,TSF,1,0.7934782608695652,0.5,0.7021080368906456,0.0,6.832475934003014,0.8185665829805657
Earthquakes,catch22,1,0.75,0.5115356885364095,0.7078320358575136,0.029357798165137727,0.5071399990119971,0.07900941203115508
Earthquakes,ROCKET,2,0.8152173913043478,0.5526315789473684,0.750060333549264,0.15732758620689646,12.15941392397508,3.0226993650430813
Earthquakes,MiniROCKET,2,0.7282608695652174,0.4589041095890411,0.6687175280284386,-0.11003861003861015,0.5600379619863816,0.11865754198515788
Earthquakes,MultiROCKET,2,0.8043478260869565,0.5263157894736842,0.7270413573700955,0.08102108768035521,8.917188875959255,2.1071871469612233
Earthquakes,MultiROCKETHydra,2,0.7934782608695652,0.519466474405191,0.7206556669080009,0.0581896551724137,9.66707248101011,2.3087334990268573
Earthquakes,1NN-ED,2,0.7391304347826086,0.5825522710886806,0.7336466901684292,0.17179294823705926,0.0007135079940780997,0.008390881004743278
Earthquakes,1NN-DTW,2,0.7717391304347826,0.583633741888969,0.7511893958144268,0.19365609348914847,0.0006292680045589805,37.539967771968804
Earthquakes,ST,2,0.782608695652174,0.4931506849315068,0.696712619300106,-0.02108768035516073,218.26911362900864,4.209408797963988
Earthquakes,BOSS,2,0.7934782608695652,0.5,0.7021080368906456,0.0,422.7200965450029,15.226674311968964
Earthquakes,TSF,2,0.7934782608695652,0.5,0.7021080368906456,0.0,7.288434727001004,0.961343735049013
Earthquakes,catch22,2,0.8043478260869565,0.5263157894736842,0.7270413573700955,0.08102108768035521,0.5139335129642859,0.0799156780121848
Earthquakes,ROCKET,3,0.782608695652174,0.5075075075075075,0.7228321866003027,0.02127659574468066,12.242619158001617,3.0269984409678727
Earthquakes,MiniROCKET,3,0.7391304347826086,0.4594594594594595,0.683695652173913,-0.10843373493975905,0.5271542720147409,0.10988264897605404
Earthquakes,MultiROCKET,3,0.7717391304347826,0.4797297297297297,0.7007201920512136,-0.05921052631578938,8.857602396048605,2.1192734749638475
Earthquakes,MultiROCKETHydra,3,0.7717391304347826,0.4797297297297297,0.7007201920512136,-0.05921052631578938,9.409314276010264,2.2741149189532734
Earthquakes,1NN-ED,3,0.7391304347826086,0.4804804804804805,0.6972185766902332,-0.049429657794676896,0.0007118390058167279,0.008648129994980991
Earthquakes,1NN-DTW,3,0.6521739130434783,0.4894894894894895,0.6647342995169082,-0.01939058171745156,0.0006404470186680555,36.82813384197652
Earthquakes,ST,3,0.8043478260869565,0.521021021021021,0.7356309650053021,0.06334841628959287,217.94962480000686,4.204309644002933
Earthquakes,BOSS,3,0.7934782608695652,0.49324324324324326,0.7117259552042161,-0.02102803738317749,387.2149774940335,9.40664951398503
Earthquakes,TSF,3,0.8152173913043478,0.5277777777777778,0.7420705914985091,0.08644859813084116,7.285429594980087,0.8221488390117884
Earthquakes,catch22,3,0.782608695652174,0.4864864864864865,0.706256627783669,-0.040723981900452344,0.5084550650208257,0.07956754503538832
Earthquakes,ROCKET,4,0.8043478260869565,0.521021021021021,0.7356309650053021,0.06334841628959287,12.147954422049224,3.0196278959629126
Earthquakes,MiniROCKET,4,0.8043478260869565,0.5420420420420421,0.7505489679402721,0.1191489361702126,0.5510315739666112,0.12811270001111552
Earthquakes,MultiROCKET,4,0.8043478260869565,0.5630630630630631,0.7627717391304347,0.1686746987951807,8.859755685029086,2.1050325719988905
Earthquakes,MultiROCKETHydra,4,0.8152173913043478,0.5698198198198199,0.7704563867134757,0.19214876033057837,9.420379413990304,2.264717991987709
Earthquakes,1NN-ED,4,0.7608695652173914,0.5780780780780781,0.749070366132723,0.17049180327868851,0.0007066240068525076,0.008722526021301746
Earthquakes,1NN-DTW,4,0.7717391304347826,0.5638138138138138,0.749344682497461,0.14964788732394363,0.0006322009721770883,36.9111211260315
Earthquakes,ST,4,0.7934782608695652,0.49324324324324326,0.7117259552042161,-0.02102803738317749,218.27789266902255,4.312072283006273
Earthquakes,BOSS,4,0.7934782608695652,0.49324324324324326,0.7117259552042161,-0.02102803738317749,382.36185317800846,9.115550103015266
Earthquakes,TSF,4,0.7934782608695652,0.49324324324324326,0.7117259552042161,-0.02102803738317749,7.0243132779723965,0.8215720790321939
Earthquakes,catch22,4,0.7934782608695652,0.49324324324324326,0.7117259552042161,-0.02102803738317749,0.5070528400246985,0.07952116196975112
EMOPain,ROCKET,0,0.8452830188679246,0.6018244058038665,0.8305386077313428,0.5284697508896797,72.32058813399635,17.783813565038145
EMOPain,MiniROCKET,0,0.9433962264150944,0.818150698253394,0.9397547133124708,0.840942739386179,10.768070897029247,0.8043246800079942
EMOPain,MultiROCKET,0,0.9320754716981132,0.7790757381258023,0.926805439726989,0.8078472446019981,33.47658823401434,3.0437221360043623
EMOPain,MultiROCKETHydra,0,0.9433962264150944,0.8117711129264403,0.9390407918438324,0.840942739386179,16.592178250022698,3.651720559981186
EMOPain,1NN-ED,0,0.9622641509433962,0.8875286886840161,0.9613437924758679,0.8949996037720898,0.0035398720065131783,0.7538827449898235
EMOPain,1NN-DTW,0,0.9622641509433962,0.8875286886840161,0.9613437924758679,0.8949996037720898,0.003548649954609573,801.0937805989524
EMOPain,ST,0,0.8641509433962264,0.5971953164507722,0.8439038927940149,0.5736122284794851,232.82824416394578,6.20615322800586
EMOPain,BOSS,0,,,,,,
EMOPain,TSF,0,0.9169811320754717,0.7503676041545105,0.9103373566101682,0.7500107199519745,56.18093625397887,12.912132903002203
EMOPain,catch22,0,0.9132075471698113,0.7224569183490878,0.9031099595476423,0.7396189336978811,17.226638502033893,3.772370418999344
EMOPain,ROCKET,1,0.8566037735849057,0.5994497148261729,0.8406390747192635,0.5618691263487644,71.7864191980334,17.789579225995112
EMOPain,MiniROCKET,1,0.9358490566037736,0.8287103646594632,0.9342762353762878,0.8230696724530673,3.6134170269942842,0.7979112360044383
EMOPain,MultiROCKET,1,0.9245283018867925,0.8035825857671033,0.9218600270801331,0.7888277950434297,13.673123756016139,3.027010362013243
EMOPain,MultiROCKETHydra,1,0.9245283018867925,0.7907158484040776,0.9218746819218517,0.7902319322409562,15.871185427997261,3.6224499740055762
EMOPain,1NN-ED,1,0.9320754716981132,0.8325680930134801,0.9305568839558251,0.8103681323050012,0.0038634990341961384,0.6119971420266666
EMOPain,1NN-DTW,1,0.939622641509434,0.8560698556456775,0.9381086671117833,0.8313444709626094,0.0035228109918534756,794.7593459390337
EMOPain,ST,1,0.8679245283018868,0.6152952528350195,0.8502635024235095,0.5843044101828613,231.06503494700883,6.092571392015088
EMOPain,BOSS,1,,,,,,
EMOPain,TSF,1,0.909433962264151,0.751095315888529,0.9038322812562408,0.7336683417085428,58.37732763099484,12.886732345970813
EMOPain,catch22,1,0.9056603773584906,0.7292195695164941,0.898594237138203,0.7224084471633285,16.598012655973434,3.788897439953871
EMOPain,ROCKET,2,0.8415094339622642,0.5642938334754192,0.8220173767974724,0.5251301305572148,71.70803557202453,17.776486226997804
EMOPain,MiniROCKET,2,0.9283018867924528,0.7704042715484363,0.9217219054232301,0.7903044437965933,3.5820886630099267,0.7971546439803205
EMOPain,MultiROCKET,2,0.9283018867924528,0.7532418001525554,0.9182939590930712,0.7941873773708306,13.470089337963145,3.0148962970124558
EMOPain,MultiROCKETHydra,2,0.9320754716981132,0.7620137299771167,0.9219549097425442,0.8062157221206581,15.919703489984386,3.6741813989938237
EMOPain,1NN-ED,2,0.9358490566037736,0.8336623741792675,0.9344613881807035,0.8229445055808835,0.003913720021955669,0.6117787899565883
EMOPain,1NN-DTW,2,0.9622641509433962,0.9236700019443322,0.9627019821737282,0.9,0.003436927974689752,794.6857830230147
EMOPain,ST,2,0.8490566037735849,0.576116869325915,0.8251547663090393,0.5270390862038195,230.83688889699988,6.036184782977216
EMOPain,BOSS,2,,,,,,
EMOPain,TSF,2,0.9358490566037736,0.7879481311975591,0.9295352320401583,0.8108335082930926,55.72578112699557,12.555393245012965
EMOPain,catch22,2,0.9169811320754717,0.7626680725684629,0.9106393362150725,0.7485009274837151,16.580422281986102,3.7162779339705594
EMOPain,ROCKET,3,0.8901515151515151,0.6698173687337774,0.8775496040443003,0.6645342213653492,71.64069254603237,17.72396775300149
EMOPain,MiniROCKET,3,0.9621212121212122,0.8875207180160741,0.9612202674780564,0.8968991642583769,3.6416564190294594,0.7951446269871667
EMOPain,MultiROCKET,3,0.9545454545454546,0.8564593301435407,0.9525306959517487,0.8718861209964412,13.754417529969942,3.013184506969992
EMOPain,MultiROCKETHydra,3,0.9583333333333334,0.8716108452950557,0.9568497845671758,0.8842659014825442,16.108644084015395,3.671753365022596
EMOPain,1NN-ED,3,0.9583333333333334,0.8851283735184664,0.957289056503608,0.8850993115454617,0.003976833017077297,0.6129533470375463
EMOPain,1NN-DTW,3,0.9583333333333334,0.8922663164149233,0.9576617056909028,0.8866599016470221,0.0035420290078036487,792.570096695039
EMOPain,ST,3,0.8712121212121212,0.6545094911967978,0.858909405762132,0.6064193633254407,232.48536182602402,5.985899502004031
EMOPain,BOSS,3,,,,,,
EMOPain,TSF,3,0.9431818181818182,0.8237639553429027,0.9401148930872992,0.8375717801476621,57.58856516395463,12.882831593975425
EMOPain,catch22,3,0.9242424242424242,0.7941801920130094,0.9203326428678541,0.780439121756487,16.64332272898173,3.6684225060162134
EMOPain,ROCKET,4,0.8371212121212122,0.5770788379147512,0.8202176063595457,0.5,71.65758989501046,17.741142765968107
EMOPain,MiniROCKET,4,0.9431818181818182,0.85231572692873,0.9413089208523481,0.8430191072702767,3.6148309310083278,0.7999398789834231
EMOPain,MultiROCKET,4,0.9242424242424242,0.7956969071520156,0.9203816308132855,0.7848936690295771,13.670774442958646,3.0306415649829432
EMOPain,MultiROCKETHydra,4,0.928030303030303,0.7973308940801201,0.9239576500833628,0.7942575881870386,16.064762912981678,3.6969161810120568
EMOPain,1NN-ED,4,0.9545454545454546,0.9120461581761892,0.9546172500717955,0.8796261114066418,0.003927181998733431,0.6144079949590378
EMOPain,1NN-DTW,4,0.9583333333333334,0.9271976733277043,0.9585767585767586,0.8897243107769424,0.0035140610416419804,793.1093202300253
EMOPain,ST,4,0.8560606060606061,0.5923867154517309,0.8348364056897312,0.5252247988641743,232.79814939998323,6.1073470750125125
EMOPain,BOSS,4,,,,,,
EMOPain,TSF,4,0.9166666666666666,0.7574975763830253,0.9108737601695348,0.7584830339321358,56.9426216710126,12.804113486025017
EMOPain,catch22,4,0.9090909090909091,0.7136770178565844,0.899680697553038,0.7305893358278766,16.75871075404575,3.7014786929939874
MiddlePhalanxOutlineCorrect,ROCKET,0,0.8379888268156425,0.81809750927398,0.8360693281319647,0.6491382223724231,4.9216011090320535,0.9226245440077037
MiddlePhalanxOutlineCorrect,MiniROCKET,0,0.8324022346368715,0.8050476947535772,0.8285900439441619,0.631687242798354,0.6128279740223661,0.051742209994699806
MiddlePhalanxOutlineCorrect,MultiROCKET,0,0.8491620111731844,0.8242580816110228,0.8460856930491284,0.6694932640361075,3.129043659020681,0.5313761409488507
MiddlePhalanxOutlineCorrect,MultiROCKETHydra,0,0.8659217877094972,0.8463169051404345,0.8640636385717756,0.7087852494577006,3.233414051006548,0.5149774050223641
MiddlePhalanxOutlineCorrect,1NN-ED,0,0.8044692737430168,0.7711314255431903,0.7985372818385785,0.5664659885129057,0.0006762859993614256,0.34950778499478474
MiddlePhalanxOutlineCorrect,1NN-DTW,0,0.664804469273743,0.6328828828828829,0.6601590964294389,0.27196312364425157,0.0005564779858104885,3.40813222998986
MiddlePhalanxOutlineCorrect,ST,0,0.8659217877094972,0.8491653418124007,0.8645918621220003,0.7104731095835017,102.33611764002126,3.493206495011691
MiddlePhalanxOutlineCorrect,BOSS,0,0.7877094972067039,0.7405272919978803,0.7753197204757363,0.516353811149033,52.208201798959635,2.013493340986315
MiddlePhalanxOutlineCorrect,TSF,0,0.7988826815642458,0.7666269210386858,0.7933085074842328,0.555402235407755,4.293369821971282,0.6093712209840305
MiddlePhalanxOutlineCorrect,catch22,0,0.7877094972067039,0.7633147853736089,0.7847674277386446,0.538909978308026,0.7380248790141195,0.055982701014727354
MiddlePhalanxOutlineCorrect,ROCKET,1,0.848314606741573,0.8310474653758235,0.847045511315957,0.6720349392657294,4.037252100999467,0.9366448009968735
MiddlePhalanxOutlineCorrect,MiniROCKET,1,0.8539325842696629,0.8325937878176685,0.8518358263350935,0.6813111141716017,0.5551797560183331,0.051440247043501586
MiddlePhalanxOutlineCorrect,MultiROCKET,1,0.8370786516853933,0.8072475460535162,0.8328330135949722,0.6390714585372674,3.041973699000664,0.5227487119846046
MiddlePhalanxOutlineCorrect,MultiROCKETHydra,1,0.8595505617977528,0.8341401102595132,0.8565856324522642,0.6907574704656011,2.7295701670227572,0.5048751219874248
MiddlePhalanxOutlineCorrect,1NN-ED,1,0.7640449438202247,0.7250235309936802,0.7559792532514815,0.4724064925899788,0.000681252044159919,0.017551862983964384
MiddlePhalanxOutlineCorrect,1NN-DTW,1,0.7696629213483146,0.735444399623504,0.7636604674963399,0.4897217172423437,0.0006400849670171738,3.4149987100390717
MiddlePhalanxOutlineCorrect,ST,1,0.8089887640449438,0.7817668414683341,0.8054033195435627,0.5807122072883469,104.28362633497454,3.4795671649626456
MiddlePhalanxOutlineCorrect,BOSS,1,0.7303370786516854,0.6920801398413339,0.722605218053704,0.40075746949081215,52.1441700370051,1.7895858639967628
MiddlePhalanxOutlineCorrect,TSF,1,0.7865168539325843,0.7430415490116983,0.7766118797783762,0.5166499928540802,4.332351151970215,0.6095419020275585
MiddlePhalanxOutlineCorrect,catch22,1,0.8089887640449438,0.772892295280355,0.8024593954892946,0.5729004940014114,0.47491524898214266,0.05660750903189182
MiddlePhalanxOutlineCorrect,ROCKET,2,0.8314606741573034,0.8145757697996504,0.8303592599108162,0.6366852633011294,4.015165690972935,0.9383214340195991
MiddlePhalanxOutlineCorrect,MiniROCKET,2,0.848314606741573,0.8280892833131639,0.8464526363329749,0.6700535493615268,0.5193784269504249,0.051416945992968976
MiddlePhalanxOutlineCorrect,MultiROCKET,2,0.8314606741573034,0.8057012236116714,0.8282970466560847,0.6300401829014826,2.9524418270448223,0.5280200950219296
MiddlePhalanxOutlineCorrect,MultiROCKETHydra,2,0.8426966292134831,0.8206265967459998,0.8404385822070238,0.6567965844924941,2.735919668979477,0.5090618259855546
MiddlePhalanxOutlineCorrect,1NN-ED,2,0.8033707865168539,0.7743041549011698,0.7992198854331697,0.5670604586518415,0.0006738210213370621,0.01783477299613878
MiddlePhalanxOutlineCorrect,1NN-DTW,2,0.797752808988764,0.772757832459325,0.7948496056947449,0.5587384657760639,0.0006323189591057599,3.4311468869564123
MiddlePhalanxOutlineCorrect,ST,2,0.8707865168539326,0.846107301331182,0.8680587818560831,0.7154968728283531,103.1525161259924,3.5328481670003384
MiddlePhalanxOutlineCorrect,BOSS,2,0.8146067415730337,0.7655640715342208,0.8027282967196921,0.573544358937128,53.45085611002287,1.9034548490308225
MiddlePhalanxOutlineCorrect,TSF,2,0.8146067415730337,0.7892295280354982,0.8115441412520064,0.5942809780356403,4.265517158957664,0.4834393660421483
MiddlePhalanxOutlineCorrect,catch22,2,0.8033707865168539,0.7683877907758505,0.7972006324930768,0.5616997326579428,0.47797592100687325,0.05695874197408557
MiddlePhalanxOutlineCorrect,ROCKET,3,0.8707865168539326,0.8490654833938416,0.8686519772362469,0.7172261362066583,4.102985923003871,0.9360614779870957
MiddlePhalanxOutlineCorrect,MiniROCKET,3,0.8820224719101124,0.8610326744655104,0.8800735444330949,0.741815167840862,0.6205656119855121,0.05125021596904844
MiddlePhalanxOutlineCorrect,MultiROCKET,3,0.898876404494382,0.8863789162296625,0.8982155559464896,0.7820111579806777,3.012949208030477,0.5218556199688464
MiddlePhalanxOutlineCorrect,MultiROCKETHydra,3,0.8932584269662921,0.881874411725158,0.8927478057008891,0.770587437254104,2.836798958014697,0.5043158170301467
MiddlePhalanxOutlineCorrect,1NN-ED,3,0.8314606741573034,0.8027430415490118,0.827493376029018,0.6277708071936428,0.0006813010550104082,0.018006495025474578
MiddlePhalanxOutlineCorrect,1NN-DTW,3,0.7640449438202247,0.72798171305634,0.7572795657969912,0.47566278580446064,0.0006363219581544399,3.4230625620111823
MiddlePhalanxOutlineCorrect,ST,3,0.8595505617977528,0.8311819281968535,0.8558905289611829,0.6888547056355754,103.45329809299437,3.5487505510100164
MiddlePhalanxOutlineCorrect,BOSS,3,0.7865168539325843,0.7430415490116983,0.7766118797783762,0.5166499928540802,51.93443429801846,1.722283740004059
MiddlePhalanxOutlineCorrect,TSF,3,0.797752808988764,0.7609251042086863,0.7908393599298412,0.5477769936485533,4.266163486987352,0.4800017600064166
MiddlePhalanxOutlineCorrect,catch22,3,0.7808988764044944,0.7385370445071937,0.7714359846511544,0.5054851118392933,0.47116257599554956,0.05587491003097966
MiddlePhalanxOutlineCorrect,ROCKET,4,0.8595505617977528,0.8330213903743315,0.856046554389448,0.6912723740807548,4.071789326961152,0.9370797020383179
MiddlePhalanxOutlineCorrect,MiniROCKET,4,0.8820224719101124,0.868048128342246,0.8810818537896331,0.7465762711864407,0.46360419096890837,0.05942431598668918
MiddlePhalanxOutlineCorrect,MultiROCKET,4,0.8595505617977528,0.8414438502673797,0.8579054380978802,0.6965771171416884,2.9628137120162137,0.522529267007485
MiddlePhalanxOutlineCorrect,MultiROCKETHydra,4,0.8707865168539326,0.8505347593582888,0.86874721593023,0.7192429022082019,2.7664747620001435,0.5110878340201452
MiddlePhalanxOutlineCorrect,1NN-ED,4,0.7921348314606742,0.7644385026737968,0.7879379347244515,0.5457304455787005,0.0006816830136813223,0.017912402981892228
MiddlePhalanxOutlineCorrect,1NN-DTW,4,0.6966292134831461,0.6675133689839572,0.69247117090479,0.3427242888402626,0.000639548001345247,3.4265819389838725
MiddlePhalanxOutlineCorrect,ST,4,0.8426966292134831,0.825,0.8411546492684009,0.6611367963013326,98.78087353199953,3.461193784023635
MiddlePhalanxOutlineCorrect,BOSS,4,0.8202247191011236,0.7871657754010695,0.8143337776931379,0.6013437849944009,51.8699721560115,1.7712340009748004
MiddlePhalanxOutlineCorrect,TSF,4,0.8595505617977528,0.8358288770053477,0.8567148207597647,0.6930611118775003,4.302685305010527,0.47943129198392853
MiddlePhalanxOutlineCorrect,catch22,4,0.8033707865168539,0.776336898395722,0.7994007490636705,0.5702855566285006,0.47516013198764995,0.05628145101945847
Worms,ROCKET,0,0.7115384615384616,0.6789898989898989,0.7035256410256411,0.595435684647303,12.785247366991825,3.0301674540387467
Worms,MiniROCKET,0,0.75,0.7365656565656564,0.7435837189126662,0.6578947368421053,0.6016315650194883,0.11229350499343127
Worms,MultiROCKET,0,0.8076923076923077,0.79010101010101,0.8009986112418791,0.7390868038133467,6.576196969021112,1.5843938129837625
Worms,MultiROCKETHydra,0,0.8076923076923077,0.79010101010101,0.8009986112418791,0.7390868038133467,8.643182703992352,1.99219252896728
Worms,1NN-ED,0,0.4423076923076923,0.46701298701298705,0.4475209475209475,0.27534839019702073,0.0006800730479881167,0.3332497249939479
Worms,1NN-DTW,0,0.5384615384615384,0.5323809523809524,0.5459935897435898,0.390625,0.000587751972489059,35.82974956399994
Worms,ST,0,0.75,0.6976046176046176,0.743713257174019,0.6529774127310062,269.31544145703083,3.6276417239569128
Worms,BOSS,0,0.7692307692307693,0.6723809523809524,0.7531431803490627,0.658082191780822,298.7057008810225,1.000640743994154
Worms,TSF,0,0.6730769230769231,0.5502741702741702,0.6464812210336083,0.5039281705948373,6.426926460990217,0.8103887859615497
Worms,catch22,0,0.7884615384615384,0.728917748917749,0.781999706592948,0.704392764857881,0.7331754919723608,0.07869875902542844
Worms,ROCKET,1,0.7307692307692307,0.6605483405483404,0.7265388765001768,0.6125598722724854,11.977782575995661,3.0291972380364314
Worms,MiniROCKET,1,0.75,0.717085137085137,0.7515133040389608,0.6597886260694514,0.5566542979795486,0.12139323499286547
Worms,MultiROCKET,1,0.8076923076923077,0.776969696969697,0.8064632735685368,0.7402597402597403,6.754897965001874,1.5678258249536157
Worms,MultiROCKETHydra,1,0.8269230769230769,0.786060606060606,0.8225998807394155,0.7649422400803616,8.231168521975633,1.995513123983983
Worms,1NN-ED,1,0.5192307692307693,0.5148051948051948,0.525,0.3564356435643564,0.0006789049948565662,0.004322503984440118
Worms,1NN-DTW,1,0.6153846153846154,0.5441847041847042,0.6093784838350056,0.4672131147540983,0.0006212320295162499,35.86285436502658
Worms,ST,1,0.6730769230769231,0.5845887445887447,0.6632775557775558,0.5307855626326963,269.46163504198194,3.6261982310097665
Worms,BOSS,1,0.6538461538461539,0.503924963924964,0.6120614035087719,0.4762171236709569,303.97577327198815,2.9962995809619315
Worms,TSF,1,0.6346153846153846,0.5126118326118325,0.6019485775472713,0.4650785056848945,6.384316867974121,0.8044954150100239
Worms,catch22,1,0.7115384615384616,0.6531601731601732,0.7068031354553657,0.5914091147197487,0.46318796899868175,0.07822961400961503
Worms,ROCKET,2,0.8076923076923077,0.8193073593073592,0.8086313196607313,0.7423191278493557,11.945109253982082,3.012782668985892
Worms,MiniROCKET,2,0.8461538461538461,0.8506204906204907,0.8483257633055202,0.7932405566600398,0.5512076489976607,0.11128371901577339
Worms,MultiROCKET,2,0.7692307692307693,0.7816450216450216,0.7702488687782806,0.6950146627565983,6.552928086020984,1.515703762008343
Worms,MultiROCKETHydra,2,0.8076923076923077,0.8193073593073592,0.8114834866427145,0.7447226313205695,8.242725027026609,1.9174755479907617
Worms,1NN-ED,2,0.5384615384615384,0.5793650793650793,0.5310580445195829,0.3944687045123727,0.000534398015588522,0.003385400981642306
Worms,1NN-DTW,2,0.75,0.7462914862914862,0.749084249084249,0.6596173212487412,0.0004374920390546322,35.74353667499963
Worms,ST,2,0.8846153846153846,0.8688023088023089,0.8839869281045752,0.8417047184170472,268.2461360999732,3.7248290330171585
Worms,BOSS,2,0.8653846153846154,0.8207503607503608,0.8618121009425358,0.8139059304703476,302.32675016100984,0.9098777160397731
Worms,TSF,2,0.7115384615384616,0.6434054834054834,0.69441231845078,0.584221748400853,6.469330625026487,0.6830124559928663
Worms,catch22,2,0.8846153846153846,0.9128427128427129,0.8851486748545573,0.8449304174950298,0.4651378790149465,0.07753544597653672
Worms,ROCKET,3,0.7058823529411765,0.7560750360750361,0.7031622791740139,0.6155778894472361,12.020887552993372,2.94053476996487
Worms,MiniROCKET,3,0.7843137254901961,0.8055699855699855,0.7923104473987737,0.7150837988826816,0.5659762769937515,0.11089367198292166
Worms,MultiROCKET,3,0.7450980392156863,0.7742568542568542,0.7534913806540103,0.6661631419939577,6.545774840982631,1.5527144640218467
Worms,MultiROCKETHydra,3,0.7647058823529411,0.7833477633477633,0.7744673101438718,0.6894977168949772,8.31818205700256,1.9693868780159391
Worms,1NN-ED,3,0.5882352941176471,0.627972582972583,0.5855253912865973,0.4607250755287009,0.0006721829995512962,0.003928466001525521
Worms,1NN-DTW,3,0.6274509803921569,0.6198917748917749,0.6328078518228997,0.4924044002095339,0.0006018310086801648,35.29771181795513
Worms,ST,3,0.7450980392156863,0.7547763347763348,0.746956746956747,0.661907190209077,268.74981112597743,3.5434429529705085
Worms,BOSS,3,0.7450980392156863,0.7026839826839827,0.738956657012121,0.6414277988101675,303.58755070500774,0.9152337210252881
Worms,TSF,3,0.7450980392156863,0.6772150072150072,0.7441755668399267,0.6298157453936348,6.452771199983545,0.7931214399868622
Worms,catch22,3,0.7058823529411765,0.7497258297258298,0.7088938742917982,0.6201588877855015,0.46628980099922046,0.07605464500375092
Worms,ROCKET,4,0.6274509803921569,0.5803174603174603,0.5903613994617455,0.4681668496158067,12.04505821899511,2.9684114460251294
Worms,MiniROCKET,4,0.7254901960784313,0.6660317460317461,0.7035549513923216,0.6111111111111112,0.5767821219633333,0.10415454901522025
Worms,MultiROCKET,4,0.7254901960784313,0.6482539682539683,0.7094402842488684,0.6161290322580645,6.53599776502233,1.5385627769865096
Worms,MultiROCKETHydra,4,0.7254901960784313,0.6482539682539683,0.7094402842488684,0.6161290322580645,8.292547127988655,1.9315921310335398
Worms,1NN-ED,4,0.47058823529411764,0.45968253968253964,0.47513240673295387,0.28578838174273846,0.0006751450127921999,0.0039560600416734815
Worms,1NN-DTW,4,0.5098039215686274,0.5079365079365079,0.48223834988540876,0.31155507559395257,0.0006109229871071875,35.32812922401354
Worms,ST,4,0.7254901960784313,0.6101587301587301,0.7003517820126817,0.591533180778032,269.88245951302815,3.5184988079709
Worms,BOSS,4,0.6470588235294118,0.5403174603174603,0.5922108077680833,0.46936416184971097,307.6782816690393,1.525641246989835
Worms,TSF,4,0.6078431372549019,0.5022222222222222,0.5534809461309879,0.40420560747663536,6.430748513026629,0.6703438879922032
Worms,catch22,4,0.6666666666666666,0.587936507936508,0.6558278867102396,0.5308441558441559,0.4672329429886304,0.07616040902212262
WormsTwoClass,ROCKET,0,0.75,0.7469696969696971,0.7506591337099812,0.49096385542168675,12.797879097983241,3.028685044962913
WormsTwoClass,MiniROCKET,0,0.7307692307692307,0.7181818181818183,0.728701406120761,0.44171779141104295,0.6148134509567171,0.11534155299887061
WormsTwoClass,MultiROCKET,0,0.7692307692307693,0.7636363636363637,0.7692307692307693,0.5272727272727272,6.62287193199154,1.5984003740013577
WormsTwoClass,MultiROCKETHydra,0,0.7692307692307693,0.7636363636363637,0.7692307692307693,0.5272727272727272,8.671688799979165,2.005664281954523
WormsTwoClass,1NN-ED,0,0.5576923076923077,0.543939393939394,0.5561746678788235,0.08841463414634143,0.0006786020239815116,0.3280119840055704
WormsTwoClass,1NN-DTW,0,0.6346153846153846,0.6227272727272727,0.6333616821607672,0.24695121951219512,0.0006744199781678617,35.81948359502712
WormsTwoClass,ST,0,0.75,0.740909090909091,0.7491422035836828,0.4847560975609756,271.9348253289936,4.286900062987115
WormsTwoClass,BOSS,0,0.9038461538461539,0.9045454545454545,0.9040996668115313,0.8042168674698795,304.32968701201025,2.965302511001937
WormsTwoClass,TSF,0,0.6153846153846154,0.606060606060606,0.6153846153846154,0.21212121212121204,6.093950457987376,0.7364988840417936
WormsTwoClass,catch22,0,0.8076923076923077,0.7909090909090909,0.8040865384615384,0.5962732919254659,0.6742014749906957,0.07751954300329089
WormsTwoClass,ROCKET,1,0.8076923076923077,0.7848484848484849,0.8012513801987488,0.5911949685534591,11.96143738401588,3.0226005659787916
WormsTwoClass,MiniROCKET,1,0.7884615384615384,0.7621212121212122,0.7795016600986749,0.5474683544303798,0.5509227009606548,0.11806586303282529
WormsTwoClass,MultiROCKET,1,0.8653846153846154,0.8469696969696969,0.8619329388560157,0.715625,6.553452529013157,1.5269220329937525
WormsTwoClass,MultiROCKETHydra,1,0.8461538461538461,0.8242424242424242,0.8410011041589989,0.6729559748427673,8.251737863000017,1.9522304749698378
WormsTwoClass,1NN-ED,1,0.7307692307692307,0.7,0.716691804927099,0.42038216560509556,0.0006730899913236499,0.004282245994545519
WormsTwoClass,1NN-DTW,1,0.7692307692307693,0.7636363636363637,0.7692307692307693,0.5272727272727272,0.0006015980034135282,36.10309369902825
WormsTwoClass,ST,1,0.8076923076923077,0.7909090909090909,0.8040865384615384,0.5962732919254659,274.94522490300005,4.362474265042692
WormsTwoClass,BOSS,1,0.8846153846153846,0.8757575757575757,0.8837291740517548,0.7607361963190185,300.5178856640123,1.745240494958125
WormsTwoClass,TSF,1,0.7692307692307693,0.7575757575757576,0.7674583481035094,0.5214723926380368,6.142024849017616,0.5991007449920289
WormsTwoClass,catch22,1,0.8461538461538461,0.8363636363636364,0.8449722320690062,0.6809815950920246,0.4584384819609113,0.07725962297990918
WormsTwoClass,ROCKET,2,0.7307692307692307,0.7181818181818183,0.728701406120761,0.44171779141104295,11.984231276030187,3.0133872530423105
WormsTwoClass,MiniROCKET,2,0.7884615384615384,0.7924242424242425,0.7896459643380135,0.5744047619047619,0.5480456050136127,0.12284084100974724
WormsTwoClass,MultiROCKET,2,0.7692307692307693,0.7575757575757576,0.7674583481035094,0.5214723926380368,6.508664837980177,1.5821836200193502
WormsTwoClass,MultiROCKETHydra,2,0.8076923076923077,0.7909090909090909,0.8040865384615384,0.5962732919254659,8.196058192988858,1.9919954889919609
WormsTwoClass,1NN-ED,2,0.6730769230769231,0.65,0.6646942800788954,0.30937500000000007,0.0006644040113314986,0.00396855000872165
WormsTwoClass,1NN-DTW,2,0.8269230769230769,0.8196969696969697,0.8263292178656265,0.6432926829268293,0.0005962949944660068,36.19601174804848
WormsTwoClass,ST,2,0.8076923076923077,0.7909090909090909,0.8040865384615384,0.5962732919254659,269.1561063900008,4.204747853043955
WormsTwoClass,BOSS,2,0.8846153846153846,0.8696969696969696,0.8824519230769231,0.7577639751552795,295.0112132409704,1.1578037819708697
WormsTwoClass,TSF,2,0.8076923076923077,0.7909090909090909,0.8040865384615384,0.5962732919254659,6.348668916965835,0.48021503002382815
WormsTwoClass,catch22,2,0.8269230769230769,0.8136363636363637,0.8247118734923612,0.6388888888888888,0.46147029899293557,0.07751560397446156
WormsTwoClass,ROCKET,3,0.7450980392156863,0.7210031347962382,0.7347111817700054,0.45965770171149145,12.013721090974286,2.971653276006691
WormsTwoClass,MiniROCKET,3,0.7450980392156863,0.7210031347962382,0.7347111817700054,0.45965770171149145,0.5216552949859761,0.11505898396717384
WormsTwoClass,MultiROCKET,3,0.7450980392156863,0.7210031347962382,0.7347111817700054,0.45965770171149145,6.544449815992266,1.5563347499701194
WormsTwoClass,MultiROCKETHydra,3,0.7450980392156863,0.7210031347962382,0.7347111817700054,0.45965770171149145,8.17852368298918,1.9923594269785099
WormsTwoClass,1NN-ED,3,0.5882352941176471,0.5556426332288401,0.5629499561018437,0.11706512778235767,0.000665475963614881,0.004073072981555015
WormsTwoClass,1NN-DTW,3,0.6862745098039216,0.6802507836990596,0.6862745098039216,0.3605015673981191,0.0006004089955240488,35.77384284802247
WormsTwoClass,ST,3,0.7254901960784313,0.6982758620689655,0.7116260645672411,0.4147540983606558,270.5562357699964,4.206705468008295
WormsTwoClass,BOSS,3,0.7058823529411765,0.6810344827586207,0.6938975174269293,0.37652811735941316,303.61256835400127,3.2214956569951028
WormsTwoClass,TSF,3,0.6862745098039216,0.6637931034482758,0.6762125902992776,0.33873581847649914,5.920556665980257,0.46595186000922695
WormsTwoClass,catch22,3,0.7450980392156863,0.7100313479623824,0.7229326513213982,0.44703919933277725,0.4615027260151692,0.07611652096966282
WormsTwoClass,ROCKET,4,0.8627450980392157,0.8547619047619048,0.8621962979514076,0.7146282973621103,12.072161456977483,2.9744781390181743
WormsTwoClass,MiniROCKET,4,0.8823529411764706,0.8642857142857143,0.8798374613003096,0.75,0.5700158439576626,0.10393954796018079
WormsTwoClass,MultiROCKET,4,0.9019607843137255,0.888095238095238,0.9005243122890182,0.7931873479318735,6.531383877969347,1.5339075489901006
WormsTwoClass,MultiROCKETHydra,4,0.9019607843137255,0.888095238095238,0.9005243122890182,0.7931873479318735,8.230149931972846,1.9428108299616724
WormsTwoClass,1NN-ED,4,0.6862745098039216,0.6690476190476191,0.6834914611005692,0.3429951690821256,0.000663155980873853,0.004035376012325287
WormsTwoClass,1NN-DTW,4,0.6666666666666666,0.6666666666666666,0.6690058479532164,0.3263403263403263,0.0005943020223639905,35.54533118795371
WormsTwoClass,ST,4,0.8235294117647058,0.8,0.8183930536871714,0.6222222222222222,272.40119568200316,4.1927577999886125
WormsTwoClass,BOSS,4,0.9215686274509803,0.9119047619047619,0.9208728652751423,0.8357487922705313,301.73334963299567,1.5516126549919136
WormsTwoClass,TSF,4,0.7843137254901961,0.7738095238095238,0.7834513253522121,0.5515587529976019,6.065797919000033,0.6036381699959747
WormsTwoClass,catch22,4,0.8235294117647058,0.8,0.8183930536871714,0.6222222222222222,0.4632468440104276,0.07648087100824341
Computers,InceptionTime,0,0.8,0.8,0.7999199679871949,0.6,351.02003420000256,10.528510140997241
Computers,InceptionTime,1,0.86,0.86,0.86,0.72,327.7085330680129,9.469343388002017
Computers,InceptionTime,2,0.9,0.9,0.9,0.8,332.0529573810054,9.486434035992716
Computers,InceptionTime,3,0.92,0.92,0.92,0.84,339.94432077500096,9.420888594991993
Computers,InceptionTime,4,0.88,0.88,0.8787878787878788,0.76,332.16177915100707,9.591820340996492
MiddlePhalanxOutlineCorrect,InceptionTime,0,0.8994413407821229,0.9075251722310546,0.9005134639903775,0.7924771351281721,192.58550274700974,9.927240671997424
MiddlePhalanxOutlineCorrect,InceptionTime,1,0.8370786516853933,0.8220384563668146,0.8362992823855676,0.6498439831773165,185.10560152299877,9.830125709995627
MiddlePhalanxOutlineCorrect,InceptionTime,2,0.8370786516853933,0.8161220922414952,0.8350787575428249,0.6456130715364548,194.72249106800882,8.967594874004135
MiddlePhalanxOutlineCorrect,InceptionTime,3,0.8651685393258427,0.8475191609519968,0.8637825251330574,0.7075975359342916,198.03720017100568,8.841840982990107
MiddlePhalanxOutlineCorrect,InceptionTime,4,0.848314606741573,0.8239304812834225,0.8452520064205458,0.6685060008277004,192.28802831399662,8.894154306995915
WormsTwoClass,InceptionTime,0,0.4230769230769231,0.49393939393939396,0.2828525641025641,-0.010362694300518172,293.7626842949976,5.596463267007493
WormsTwoClass,InceptionTime,1,0.46153846153846156,0.5333333333333333,0.3306623931623932,0.05699481865284972,287.049893909003,4.715018946008058
WormsTwoClass,InceptionTime,2,0.5192307692307693,0.5712121212121212,0.4674556213017752,0.12634408602150526,293.51710375100083,4.686958214006154
WormsTwoClass,InceptionTime,3,0.47058823529411764,0.518025078369906,0.4058701235171824,0.03232607167955015,289.45209296599205,5.491800461997627
WormsTwoClass,InceptionTime,4,0.47058823529411764,0.5357142857142857,0.399706493824141,0.06134969325153372,290.87324768299004,4.620273196997005
Worms,InceptionTime,0,0.5384615384615384,0.4027705627705628,0.46413308913308915,0.27484020918070895,293.4224749649875,4.773590233991854
Worms,InceptionTime,1,0.5769230769230769,0.5158152958152958,0.5655677655677656,0.39694254085398006,285.62421888699464,4.706411906998255
Worms,InceptionTime,2,0.5,0.3697546897546897,0.4160561660561661,0.2216465169833045,295.15931075399567,4.697161507996498
Worms,InceptionTime,3,0.43137254901960786,0.2,0.26361655773420484,0.009377093101138767,284.21170008101035,4.709444492997136
Worms,InceptionTime,4,0.4117647058823529,0.2,0.24019607843137256,0.0,283.03612838700064,4.638016446013353
Earthquakes,InceptionTime,0,0.7956989247311828,0.5,0.7051703045521859,0.0,331.83104835699487,10.110204541997518
Earthquakes,InceptionTime,1,0.7608695652173914,0.4794520547945205,0.6857219538378958,-0.0596858638743456,329.78660659500747,10.042292188009014
Earthquakes,InceptionTime,2,0.8152173913043478,0.5720980533525595,0.7635700783148799,0.20366598778004075,324.38370894500986,9.105114359001163
Earthquakes,InceptionTime,3,0.7934782608695652,0.49324324324324326,0.7117259552042161,-0.02102803738317749,329.3298497930082,9.133219997005654
Earthquakes,InceptionTime,4,0.782608695652174,0.5285285285285285,0.7364130434782609,0.07630522088353409,330.1257733129896,9.144766236000578
EMOPain,InceptionTime,0,0.9773584905660377,0.9346092503987241,0.9770121228693829,0.9379003280737385,336.9154450529895,10.15723541600164
EMOPain,InceptionTime,1,0.9433962264150944,0.8319623971797885,0.9403325517605996,0.8370768095745553,299.96846622097655,9.195776229986222
EMOPain,InceptionTime,2,0.9849056603773585,0.9477498093058734,0.984558866589701,0.95911597948085,305.62059958302416,9.225354580994463
EMOPain,InceptionTime,3,0.9810606060606061,0.9497607655502392,0.9807103307793099,0.9478384572828578,328.9512567789934,9.925507859996287
EMOPain,InceptionTime,4,0.9621212121212122,0.9160724896019014,0.9618844269250774,0.900759341402902,308.0629774550034,9.206580224010395
EthanolLevel,ROCKET,0,0.6915422885572139,0.6908823529411764,0.6867348448326349,0.5885227497853793,91.901593298011,22.669665627006907
EthanolLevel,MiniROCKET,0,0.6766169154228856,0.6759803921568628,0.6689632378412274,0.5686552873980654,2.66312384896446,0.5489231660030782
EthanolLevel,MultiROCKET,0,0.7910447761194029,0.7907843137254902,0.7856149186367127,0.7213493530499075,40.548507311032154,9.82332280400442
EthanolLevel,MultiROCKETHydra,0,0.7761194029850746,0.7758823529411765,0.774618676351324,0.7014851485148514,55.58882079896284,13.555501249968074
EthanolLevel,1NN-ED,0,0.2835820895522388,0.28372549019607846,0.2831683453269659,0.04446865405566003,0.0013609580346383154,0.40850371797569096
EthanolLevel,1NN-DTW,0,0.27860696517412936,0.27882352941176475,0.27685737497437496,0.03811881188118804,0.0012264199904166162,2149.044953776989
EthanolLevel,ST,0,0.9154228855721394,0.9152941176470588,0.9141588319229647,0.8872165560946628,1327.768939370988,15.44255230796989
EthanolLevel,BOSS,0,0.5323383084577115,0.5323529411764706,0.5428116872464688,0.3765590972084737,5241.241763876984,17.52092853700742
EthanolLevel,TSF,0,0.7512437810945274,0.7508823529411764,0.7443742870213808,0.6682730393451282,47.586078456020914,7.256311952951364
EthanolLevel,catch22,0,0.3880597014925373,0.38774509803921564,0.38935779796649395,0.18408633378436356,2.4966731950407848,0.47676936798961833
EthanolLevel,ROCKET,1,0.6368159203980099,0.6357843137254902,0.6110627632287624,0.5154707261499851,90.94026325200684,22.7352007139707
EthanolLevel,MiniROCKET,1,0.7263681592039801,0.7255882352941176,0.7115779531727044,0.6350160124137476,2.592398208042141,0.5430216629756615
EthanolLevel,MultiROCKET,1,0.7761194029850746,0.775392156862745,0.769192205364572,0.7013668779714739,40.35321496997494,9.778130444989074
EthanolLevel,MultiROCKETHydra,1,0.7562189054726368,0.7557843137254903,0.7505267349641305,0.6748861160625867,55.15251480101142,13.49122535099741
EthanolLevel,1NN-ED,1,0.263681592039801,0.26372549019607844,0.2617940272664257,0.018023370964547536,0.001362631970550865,0.10010242299176753
EthanolLevel,1NN-DTW,1,0.25870646766169153,0.25892156862745097,0.2604360416761179,0.011257840871574776,0.0012730620219372213,2142.856735434034
EthanolLevel,ST,1,0.835820895522388,0.8355882352941176,0.8320347581331591,0.7810602059677845,1325.271006369032,15.862504834018182
EthanolLevel,BOSS,1,0.5422885572139303,0.5420588235294117,0.5355647840409172,0.38968282781609953,5239.895732617995,12.682349220965989
EthanolLevel,TSF,1,0.6716417910447762,0.6709803921568628,0.6592364168939919,0.5620047543581617,47.878567557025235,7.234513932955451
EthanolLevel,catch22,1,0.3781094527363184,0.37754901960784315,0.3728020169574772,0.1705730886042519,2.2524108409998007,0.4860397650045343
EthanolLevel,ROCKET,2,0.6915422885572139,0.6918627450980392,0.6774409144806682,0.5888214332849413,90.95194326102501,22.66151471703779
EthanolLevel,MiniROCKET,2,0.7164179104477612,0.7170588235294117,0.7051656978741738,0.6220308788598574,2.6503688159864396,0.5434614429832436
EthanolLevel,MultiROCKET,2,0.746268656716418,0.7464705882352941,0.7391230067872286,0.6617054979869316,40.305902160995174,9.760716466989834
EthanolLevel,MultiROCKETHydra,2,0.7263681592039801,0.7264705882352941,0.715229882871116,0.6351725958682595,55.325474286975805,13.518439206003677
EthanolLevel,1NN-ED,2,0.2885572139303483,0.2886274509803922,0.2885304913768465,0.0513548301924156,0.0013549650320783257,0.09169924701564014
EthanolLevel,1NN-DTW,2,0.2935323383084577,0.29333333333333333,0.29287096624585995,0.057802132505859416,0.001275732007343322,2143.3729829840013
EthanolLevel,ST,2,0.8756218905472637,0.875686274509804,0.8761632382143687,0.8341584158415841,1324.1884070490487,15.608024815970566
EthanolLevel,BOSS,2,0.6268656716417911,0.6274509803921569,0.6265921441207076,0.5025901606889498,5249.762899374007,14.886779083986767
EthanolLevel,TSF,2,0.746268656716418,0.7468627450980392,0.7377095189908192,0.6617389869658472,47.67053417500574,7.147692172031384
EthanolLevel,catch22,2,0.46766169154228854,0.4681372549019608,0.46599989829946004,0.29026829026829026,2.263755110965576,0.4875921219936572
EthanolLevel,ROCKET,3,0.6567164179104478,0.6572549019607843,0.6484059344326972,0.5423678479509009,90.97321030800231,22.648160971992183
EthanolLevel,MiniROCKET,3,0.7114427860696517,0.711764705882353,0.7063535611526645,0.6152602224349031,2.631258441018872,0.5415263109607622
EthanolLevel,MultiROCKET,3,0.7611940298507462,0.7616666666666666,0.7545164183710582,0.6816156816156815,40.6455983070191,9.787789416965097
EthanolLevel,MultiROCKETHydra,3,0.7313432835820896,0.731764705882353,0.7272148737087203,0.6418058213979274,55.13356810895493,13.567044863011688
EthanolLevel,1NN-ED,3,0.3034825870646766,0.30333333333333334,0.3035870628113583,0.07101119144300272,0.0013699689880013466,0.10322661598911509
EthanolLevel,1NN-DTW,3,0.2835820895522388,0.2837254901960784,0.2803037667620528,0.04487856388595568,0.0011943900026381016,2144.798137272999
EthanolLevel,ST,3,0.8905472636815921,0.8907843137254902,0.891088833560939,0.854073854073854,1329.737603495014,15.443865292996634
EthanolLevel,BOSS,3,0.5671641791044776,0.5667647058823531,0.5726683446355761,0.4225473037677906,5345.406861492025,25.60679092502687
EthanolLevel,TSF,3,0.6965174129353234,0.6972549019607843,0.6919567352884637,0.5954666930614669,48.74746424600016,7.230977051018272
EthanolLevel,catch22,3,0.3482587064676617,0.3485294117647059,0.34912134496857955,0.13110480464625118,2.2675600679940544,0.48664224694948643
EthanolLevel,ROCKET,4,0.655,0.655,0.6436356563407425,0.54,91.04184601700399,22.540987965010572
EthanolLevel,MiniROCKET,4,0.68,0.6799999999999999,0.672632365939002,0.5733333333333333,2.6181596539681777,0.5433416440500878
EthanolLevel,MultiROCKET,4,0.77,0.7699999999999999,0.767364986944504,0.6933333333333334,40.383959277009126,9.778288552013692
EthanolLevel,MultiROCKETHydra,4,0.8,0.8,0.7967172545681926,0.7333333333333334,55.00810412399005,13.429665367002599
EthanolLevel,1NN-ED,4,0.27,0.27,0.2705831903945111,0.026666666666666616,0.0013647109735757113,0.08946723799454048
EthanolLevel,1NN-DTW,4,0.25,0.25,0.25020894145702216,0.0,0.001186200010124594,2139.406312106992
EthanolLevel,ST,4,0.915,0.915,0.9156523054804994,0.8866666666666667,1332.259925832972,15.955929228919558
EthanolLevel,BOSS,4,0.58,0.5800000000000001,0.5861694988752142,0.43999999999999995,5359.589096634067,13.328787841950543
EthanolLevel,TSF,4,0.705,0.705,0.6975548503173572,0.6066666666666667,47.71716494602151,7.270034812972881
EthanolLevel,catch22,4,0.405,0.405,0.4008469743763861,0.20666666666666667,2.2769779230002314,0.48905920097604394
Beef,ROCKET,0,0.9166666666666666,0.9333333333333332,0.9142857142857143,0.8947368421052632,1.6900626590941101,0.3968648350564763
Beef,MiniROCKET,0,0.9166666666666666,0.9333333333333332,0.9142857142857143,0.8947368421052632,0.1467084480682388,0.014843433978967369
Beef,MultiROCKET,0,0.9166666666666666,0.9333333333333332,0.9142857142857143,0.8947368421052632,0.8481957350159064,0.19880637992173433
Beef,MultiROCKETHydra,0,0.9166666666666666,0.9333333333333332,0.9142857142857143,0.8947368421052632,0.9098829330177978,0.2201947239227593
Beef,1NN-ED,0,0.5833333333333334,0.5333333333333333,0.5611111111111111,0.4642857142857142,0.0004270400386303663,0.284730052924715
Beef,1NN-DTW,0,0.5,0.4666666666666666,0.4916666666666667,0.36283185840707977,0.0003750609466806054,0.534447924932465
Beef,ST,0,0.75,0.7333333333333333,0.7430555555555555,0.6814159292035399,16.187978299916722,0.6498073160182685
Beef,BOSS,0,0.75,0.7333333333333333,0.7430555555555555,0.6814159292035399,20.74018628592603,0.23387812403962016
Beef,TSF,0,0.6666666666666666,0.6666666666666666,0.6444444444444445,0.5862068965517241,1.5977754360064864,0.16472760203760117
Beef,InceptionTime,0,0.16666666666666666,0.2,0.047619047619047616,0.0,169.21208858396858,5.3744459990412
Beef,catch22,0,0.4166666666666667,0.36666666666666664,0.39444444444444443,0.2499999999999999,0.4566584510030225,0.015617394004948437
Beef,ROCKET,1,0.9166666666666666,0.9,0.9087301587301587,0.8938053097345132,1.447207021061331,0.3927399329841137
Beef,MiniROCKET,1,0.9166666666666666,0.9,0.911111111111111,0.8947368421052632,0.108533501974307,0.014879558933898807
Beef,MultiROCKET,1,0.9166666666666666,0.9,0.9087301587301587,0.8938053097345132,0.8170637929579243,0.19210641994141042
Beef,MultiROCKETHydra,1,0.9166666666666666,0.9,0.9087301587301587,0.8938053097345132,0.9172743250383064,0.20946495106909424
Beef,1NN-ED,1,0.8333333333333334,0.8333333333333333,0.8253968253968255,0.7894736842105263,0.0004002350615337491,0.0005180900916457176
Beef,1NN-DTW,1,0.6666666666666666,0.6666666666666667,0.617063492063492,0.5826086956521739,0.00035672506783157587,0.5286083809332922
Beef,ST,1,0.8333333333333334,0.8333333333333333,0.8253968253968255,0.7894736842105263,15.09148125408683,0.7165169100044295
Beef,BOSS,1,0.75,0.7666666666666667,0.725,0.6896551724137931,20.426972509012558,0.08368827099911869
Beef,TSF,1,0.9166666666666666,0.9,0.9087301587301587,0.8938053097345132,1.5852180940564722,0.165617904975079
Beef,InceptionTime,1,0.16666666666666666,0.2,0.047619047619047616,0.0,163.31715908902697,4.7623661539983
Beef,catch22,1,0.9166666666666666,0.9,0.9087301587301587,0.8938053097345132,0.18969060305971652,0.015660047996789217
Beef,ROCKET,2,0.8333333333333334,0.8333333333333333,0.8253968253968255,0.7876106194690266,1.4457794489571825,0.3928097099997103
Beef,MiniROCKET,2,0.9166666666666666,0.9,0.9087301587301587,0.8938053097345132,0.10738176002632827,0.014771173009648919
Beef,MultiROCKET,2,0.9166666666666666,0.9,0.9087301587301587,0.8938053097345132,0.8118636381113902,0.19402960396837443
Beef,MultiROCKETHydra,2,0.9166666666666666,0.9,0.9087301587301587,0.8938053097345132,0.8952337689697742,0.21177695400547236
Beef,1NN-ED,2,0.5,0.5,0.46428571428571425,0.368421052631579,0.00038781098555773497,0.0005290469853207469
Beef,1NN-DTW,2,0.3333333333333333,0.36666666666666664,0.3333333333333333,0.17241379310344818,0.00035751902032643557,0.5301836880389601
Beef,ST,2,0.9166666666666666,0.9,0.9111111111111111,0.8947368421052632,14.922709325095639,0.6153235780075192
Beef,BOSS,2,0.75,0.7333333333333333,0.7420634920634921,0.6814159292035398,20.373105769976974,0.1731053029652685
Beef,TSF,2,0.8333333333333334,0.8666666666666666,0.8333333333333334,0.7931034482758621,1.557665579020977,0.16347798996139318
Beef,InceptionTime,2,0.16666666666666666,0.2,0.047619047619047616,0.0,168.89877482596785,4.746612825081684
Beef,catch22,2,0.4166666666666667,0.4333333333333333,0.39285714285714285,0.2499999999999999,0.19048919109627604,0.015609410009346902
Beef,ROCKET,3,0.9166666666666666,0.9333333333333332,0.9142857142857143,0.8947368421052632,1.443414743989706,0.3919056470040232
Beef,MiniROCKET,3,0.9166666666666666,0.9333333333333332,0.9142857142857143,0.8947368421052632,0.1083950389875099,0.010381486965343356
Beef,MultiROCKET,3,0.8333333333333334,0.8333333333333333,0.8319444444444445,0.7876106194690266,0.7921750670066103,0.1918420339934528
Beef,MultiROCKETHydra,3,0.8333333333333334,0.8333333333333333,0.8319444444444445,0.7876106194690266,0.9007078938884661,0.2091569029726088
Beef,1NN-ED,3,0.5,0.5333333333333333,0.4625000000000001,0.36283185840707965,0.000559697044081986,0.0005285750376060605
Beef,1NN-DTW,3,0.5,0.5333333333333333,0.4625000000000001,0.36283185840707965,0.00035762693732976913,0.5285231960006058
Beef,ST,3,0.8333333333333334,0.8666666666666666,0.8333333333333334,0.7894736842105263,15.020641501992941,0.6818238069536164
Beef,BOSS,3,0.6666666666666666,0.6666666666666666,0.6805555555555555,0.5714285714285714,20.68545006599743,0.07001787098124623
Beef,TSF,3,0.8333333333333334,0.8666666666666666,0.8333333333333334,0.7894736842105263,1.5714231389574707,0.16577887791208923
Beef,InceptionTime,3,0.25,0.2,0.10000000000000002,0.0,175.11154535994865,4.724461470963433
Beef,catch22,3,0.5833333333333334,0.6,0.5944444444444444,0.4736842105263158,0.2055478539550677,0.015522081055678427
Beef,ROCKET,4,0.9166666666666666,0.9,0.9111111111111111,0.8947368421052632,1.4440174129558727,0.3930745739489794
Beef,MiniROCKET,4,0.9166666666666666,0.9,0.9111111111111111,0.8947368421052632,0.10852669004816562,0.014747724984772503
Beef,MultiROCKET,4,1.0,1.0,1.0,1.0,0.8341178399277851,0.2145301509881392
Beef,MultiROCKETHydra,4,1.0,1.0,1.0,1.0,0.9555980250006542,0.2182360419537872
Beef,1NN-ED,4,0.6666666666666666,0.7,0.6861111111111112,0.5897435897435898,0.00045218097511678934,0.0005663479678332806
Beef,1NN-DTW,4,0.6666666666666666,0.7,0.6861111111111112,0.5897435897435898,0.0004401688929647207,0.5476704379543662
Beef,ST,4,0.8333333333333334,0.8666666666666666,0.8083333333333332,0.7931034482758621,15.30626105889678,0.6631666070315987
Beef,BOSS,4,0.8333333333333334,0.8666666666666668,0.8194444444444443,0.7931034482758621,20.416765155037865,0.01118106092326343
Beef,TSF,4,0.75,0.7666666666666667,0.75,0.6869565217391305,1.5562130650505424,0.16285262198653072
Beef,InceptionTime,4,0.3333333333333333,0.3,0.1987179487179487,0.1272727272727272,174.9951305120485,4.725575800053775
Beef,catch22,4,0.8333333333333334,0.8333333333333334,0.8388888888888889,0.7913043478260869,0.18866127892397344,0.015382177080027759
CBF,ROCKET,0,1.0,1.0,1.0,1.0,7.305893470067531,1.5293490680633113
CBF,MiniROCKET,0,1.0,1.0,1.0,1.0,0.7514681989559904,0.07487740903161466
CBF,MultiROCKET,0,1.0,1.0,1.0,1.0,5.620248289080337,1.127109627937898
CBF,MultiROCKETHydra,0,1.0,1.0,1.0,1.0,5.543801776948385,1.072830045945011
CBF,1NN-ED,0,0.978494623655914,0.978494623655914,0.978608843423145,0.967741935483871,0.000707693980075419,0.3426355669507757
CBF,1NN-DTW,0,1.0,1.0,1.0,1.0,0.000597993959672749,9.321628946927376
CBF,ST,0,1.0,1.0,1.0,1.0,84.87566650402732,4.4935321969678625
CBF,BOSS,0,1.0,1.0,1.0,1.0,117.53940532403067,3.8112449019681662
CBF,TSF,0,1.0,1.0,1.0,1.0,4.297046615043655,0.659729543956928
CBF,InceptionTime,0,1.0,1.0,1.0,1.0,252.85224494501017,9.554213018040173
CBF,catch22,0,1.0,1.0,1.0,1.0,0.825180349056609,0.07354922499507666
CBF,ROCKET,1,1.0,1.0,1.0,1.0,6.424884410924278,1.5433616420486942
CBF,MiniROCKET,1,1.0,1.0,1.0,1.0,0.6139781839447096,0.07493390596937388
CBF,MultiROCKET,1,1.0,1.0,1.0,1.0,5.444817749084905,1.1178041780367494
CBF,MultiROCKETHydra,1,1.0,1.0,1.0,1.0,5.102949772030115,1.0728253800189123
CBF,1NN-ED,1,0.9946236559139785,0.9946236559139785,0.9946233062330623,0.9919354838709677,0.0007103539537638426,0.02012113807722926
CBF,1NN-DTW,1,1.0,1.0,1.0,1.0,0.000672253081575036,9.325876164948568
CBF,ST,1,1.0,1.0,1.0,1.0,86.06205196597148,4.6019132300280035
CBF,BOSS,1,1.0,1.0,1.0,1.0,119.48868245095946,3.6828241229522973
CBF,TSF,1,1.0,1.0,1.0,1.0,4.641752853989601,0.6433634809218347
CBF,InceptionTime,1,1.0,1.0,1.0,1.0,243.98407370503992,8.677926028962247
CBF,catch22,1,1.0,1.0,1.0,1.0,0.5242446260526776,0.07377073692623526
CBF,ROCKET,2,1.0,1.0,1.0,1.0,9.829628758016042,1.635602037073113
CBF,MiniROCKET,2,1.0,1.0,1.0,1.0,0.6008436920819804,0.075182497035712
CBF,MultiROCKET,2,1.0,1.0,1.0,1.0,5.47032893600408,1.1183715210063383
CBF,MultiROCKETHydra,2,1.0,1.0,1.0,1.0,5.147097534034401,1.0767807950032875
CBF,1NN-ED,2,0.9946236559139785,0.9946236559139785,0.9946233062330623,0.9919354838709677,0.0007121509406715631,0.02093668805900961
CBF,1NN-DTW,2,1.0,1.0,1.0,1.0,0.000663081998936832,9.352417779969983
CBF,ST,2,1.0,1.0,1.0,1.0,85.86488963989541,4.562317610019818
CBF,BOSS,2,1.0,1.0,1.0,1.0,119.28368274401873,3.6042789759812877
CBF,TSF,2,1.0,1.0,1.0,1.0,4.468464984907769,0.7452924739336595
CBF,InceptionTime,2,1.0,1.0,1.0,1.0,245.08794263692107,8.684864302980714
CBF,catch22,2,0.9946236559139785,0.9946236559139785,0.9946233062330623,0.9919354838709677,0.5260613630525768,0.07411948090884835
CBF,ROCKET,3,1.0,1.0,1.0,1.0,6.431177199934609,1.5281279740156606
CBF,MiniROCKET,3,1.0,1.0,1.0,1.0,0.6143755320226774,0.07491688895970583
CBF,MultiROCKET,3,1.0,1.0,1.0,1.0,5.448215216048993,1.1204653970198706
CBF,MultiROCKETHydra,3,1.0,1.0,1.0,1.0,5.0865988690638915,1.0695726099656895
CBF,1NN-ED,3,0.9946236559139785,0.9946236559139785,0.9946233062330623,0.9919354838709677,0.0007069089915603399,0.020348793943412602
CBF,1NN-DTW,3,0.9946236559139785,0.9946236559139785,0.9946233062330623,0.9919354838709677,0.0006791009800508618,9.351999772945419
CBF,ST,3,1.0,1.0,1.0,1.0,85.70264002401382,4.453992962022312
CBF,BOSS,3,1.0,1.0,1.0,1.0,118.7693429760402,3.596061608986929
CBF,TSF,3,1.0,1.0,1.0,1.0,4.589194632950239,0.8467644489137456
CBF,InceptionTime,3,1.0,1.0,1.0,1.0,245.60330645693466,8.67649289604742
CBF,catch22,3,0.9838709677419355,0.9838709677419355,0.983869918699187,0.9758064516129032,0.5261703190626577,0.0739639790263027
CBF,ROCKET,4,1.0,1.0,1.0,1.0,6.444663004949689,1.5468080759746954
CBF,MiniROCKET,4,1.0,1.0,1.0,1.0,0.6557637449586764,0.07486062694806606
CBF,MultiROCKET,4,1.0,1.0,1.0,1.0,5.450526022003032,1.1101105160778388
CBF,MultiROCKETHydra,4,1.0,1.0,1.0,1.0,5.0808256230084226,1.066971190040931
CBF,1NN-ED,4,0.978494623655914,0.978494623655914,0.9786543715846994,0.967741935483871,0.0007212280761450529,0.020543938037008047
CBF,1NN-DTW,4,1.0,1.0,1.0,1.0,0.0006628340343013406,9.338901052018628
CBF,ST,4,1.0,1.0,1.0,1.0,85.106675646035,4.51994269003626
CBF,BOSS,4,1.0,1.0,1.0,1.0,118.87554330006242,3.6653164599556476
CBF,TSF,4,1.0,1.0,1.0,1.0,3.979152829037048,1.0776038049953058
CBF,InceptionTime,4,1.0,1.0,1.0,1.0,247.45128460705746,8.914223459898494
CBF,catch22,4,0.9946236559139785,0.9946236559139785,0.9946233062330623,0.9919354838709677,0.5274340459145606,0.07428836799226701
Chinatown,ROCKET,0,0.958904109589041,0.9711538461538461,0.9596636375966364,0.9038208168642952,1.681747149094008,0.15606336994096637
Chinatown,MiniROCKET,0,0.958904109589041,0.9711538461538461,0.9596636375966364,0.9038208168642952,0.35588036896660924,0.04007481597363949
Chinatown,MultiROCKET,0,0.9726027397260274,0.9807692307692308,0.9729568041413328,0.9349955476402494,0.8788273240206763,0.1254522689851001
Chinatown,MultiROCKETHydra,0,0.9726027397260274,0.9807692307692308,0.9729568041413328,0.9349955476402494,1.2546971909468994,0.1223795700352639
Chinatown,1NN-ED,0,0.958904109589041,0.9569597069597069,0.9591824741662206,0.9011286681715576,0.0005923858843743801,0.3790509350365028
Chinatown,1NN-DTW,0,0.9452054794520548,0.9473443223443223,0.9459136082826655,0.8699910952804987,0.0004997049691155553,0.06830618297681212
Chinatown,ST,0,0.9452054794520548,0.9473443223443223,0.9459136082826655,0.8699910952804987,16.52472857502289,1.3735899779712781
Chinatown,BOSS,0,0.9452054794520548,0.9615384615384616,0.9464919594997023,0.8734835355285961,4.838899343041703,0.3704348460305482
Chinatown,TSF,0,0.9726027397260274,0.9807692307692308,0.9729568041413328,0.9349955476402494,0.8045320550445467,0.12187220400664955
Chinatown,InceptionTime,0,0.9452054794520548,0.9473443223443223,0.9459136082826655,0.8699910952804987,204.2509041619487,9.662410055985674
Chinatown,catch22,0,0.9452054794520548,0.9615384615384616,0.9464919594997023,0.8734835355285961,0.4904838060028851,0.018677232903428376
Chinatown,ROCKET,1,0.9863013698630136,0.9903846153846154,0.986394158055407,0.9670428893905192,0.6768369659548625,0.17931992001831532
Chinatown,MiniROCKET,1,0.9863013698630136,0.9903846153846154,0.986394158055407,0.9670428893905192,0.2831325279548764,0.01958198507782072
Chinatown,MultiROCKET,1,0.9863013698630136,0.9903846153846154,0.986394158055407,0.9670428893905192,0.8318235520273447,0.1152472470421344
Chinatown,MultiROCKETHydra,1,0.9863013698630136,0.9903846153846154,0.986394158055407,0.9670428893905192,0.6350933540379629,0.13248843397013843
Chinatown,1NN-ED,1,0.9726027397260274,0.9665750915750915,0.9726027397260274,0.9331501831501832,0.0005814209580421448,0.003789201029576361
Chinatown,1NN-DTW,1,0.9726027397260274,0.9665750915750915,0.9726027397260274,0.9331501831501832,0.0005557480035349727,0.08888262591790408
Chinatown,ST,1,0.9863013698630136,0.9903846153846154,0.986394158055407,0.9670428893905192,16.19462033500895,1.3630613679997623
Chinatown,BOSS,1,0.9726027397260274,0.9807692307692308,0.9729568041413328,0.9349955476402494,4.618244041921571,0.2149932769825682
Chinatown,TSF,1,0.9863013698630136,0.9903846153846154,0.986394158055407,0.9670428893905192,0.7863098080269992,0.12064624694176018
Chinatown,InceptionTime,1,0.9863013698630136,0.9903846153846154,0.986394158055407,0.9670428893905192,187.06045364402235,8.482481507002376
Chinatown,catch22,1,0.958904109589041,0.9427655677655677,0.9585986349100281,0.8982814677194613,0.22283476497977972,0.018641581060364842
Chinatown,ROCKET,2,1.0,1.0,1.0,1.0,0.7145519279874861,0.16057837090920657
Chinatown,MiniROCKET,2,1.0,1.0,1.0,1.0,0.21838960598688573,0.018921143957413733
Chinatown,MultiROCKET,2,1.0,1.0,1.0,1.0,0.7996623229701072,0.14004659408237785
Chinatown,MultiROCKETHydra,2,1.0,1.0,1.0,1.0,0.6204435139661655,0.12326319294515997
Chinatown,1NN-ED,2,0.9863013698630136,0.9761904761904762,0.9861995449700094,0.9660938225731537,0.0005988210905343294,0.003792057977989316
Chinatown,1NN-DTW,2,1.0,1.0,1.0,1.0,0.000553712947294116,0.088749680086039
Chinatown,ST,2,0.9863013698630136,0.9903846153846154,0.986394158055407,0.9670428893905192,15.83579024602659,1.3267740529263392
Chinatown,BOSS,2,0.9726027397260274,0.9807692307692308,0.9729568041413328,0.9349955476402494,4.518549198983237,0.19662587495986372
Chinatown,TSF,2,0.9863013698630136,0.9761904761904762,0.9861995449700094,0.9660938225731537,0.7665237169712782,0.12037164403591305
Chinatown,InceptionTime,2,1.0,1.0,1.0,1.0,188.95655373996124,8.492652114946395
Chinatown,catch22,2,0.9726027397260274,0.9523809523809523,0.9721762729387438,0.9311969839773798,0.2226834229659289,0.018321667099371552
Chinatown,ROCKET,3,1.0,1.0,1.0,1.0,0.678329618065618,0.17733787302859128
Chinatown,MiniROCKET,3,1.0,1.0,1.0,1.0,0.26942353101912886,0.04730431002099067
Chinatown,MultiROCKET,3,1.0,1.0,1.0,1.0,0.7837822390720248,0.12360371591057628
Chinatown,MultiROCKETHydra,3,1.0,1.0,1.0,1.0,0.6253807130269706,0.12780363601632416
Chinatown,1NN-ED,3,0.9583333333333334,0.9425770308123249,0.9580274686242009,0.8977272727272727,0.0005990579957142472,0.003831180976703763
Chinatown,1NN-DTW,3,0.9861111111111112,0.9901960784313726,0.9862038529434337,0.9668508287292817,0.0005562109872698784,0.0900920550338924
Chinatown,ST,3,0.9722222222222222,0.9523809523809523,0.9717948717948717,0.930835734870317,16.491817340953276,1.3709209089865908
Chinatown,BOSS,3,0.9583333333333334,0.9705882352941176,0.9590909090909092,0.9032258064516129,4.614099769038148,0.21249077294487506
Chinatown,TSF,3,0.9861111111111112,0.9901960784313726,0.9862038529434337,0.9668508287292817,0.7761490819975734,0.12036279996391386
Chinatown,InceptionTime,3,1.0,1.0,1.0,1.0,182.88259238994215,9.131829943973571
Chinatown,catch22,3,0.9444444444444444,0.9327731092436975,0.9444444444444444,0.865546218487395,0.22239502996671945,0.018520933925174177
Chinatown,ROCKET,4,0.9722222222222222,0.9653846153846153,0.9722222222222222,0.9307692307692308,0.6948805110296234,0.17133091704454273
Chinatown,MiniROCKET,4,0.9861111111111112,0.9903846153846154,0.9862130660141553,0.9659090909090909,0.228242598939687,0.039499437902122736
Chinatown,MultiROCKET,4,0.9861111111111112,0.9903846153846154,0.9862130660141553,0.9659090909090909,0.7798726800829172,0.13389677507802844
Chinatown,MultiROCKETHydra,4,0.9861111111111112,0.9903846153846154,0.9862130660141553,0.9659090909090909,0.6611251980066299,0.1261909690219909
Chinatown,1NN-ED,4,0.9444444444444444,0.9307692307692308,0.9444444444444444,0.8615384615384616,0.0006009991047903895,0.003780829021707177
Chinatown,1NN-DTW,4,0.9305555555555556,0.9057692307692308,0.9299959299959298,0.82421875,0.0005506649613380432,0.08990710193756968
Chinatown,ST,4,0.9444444444444444,0.9153846153846154,0.9435065651550258,0.8571428571428572,15.315993610071018,1.3270772600080818
Chinatown,BOSS,4,0.9444444444444444,0.9615384615384616,0.9458585858585857,0.8695652173913043,4.5461027710698545,0.2058378990041092
Chinatown,TSF,4,0.9722222222222222,0.9807692307692308,0.9726112667289137,0.9328358208955224,0.755531172035262,0.11870557791553438
Chinatown,InceptionTime,4,0.9722222222222222,0.9653846153846153,0.9722222222222222,0.9307692307692308,195.7367555310484,8.522984310053289
Chinatown,catch22,4,0.9444444444444444,0.9615384615384616,0.9458585858585857,0.8695652173913043,0.2215241868980229,0.018412486067973077
ECG200,ROCKET,0,0.95,0.9285714285714286,0.9490028490028489,0.8863636363636364,2.0432265530107543,0.2972675049677491
ECG200,MiniROCKET,0,0.975,0.9642857142857143,0.9747728860936409,0.9441340782122905,0.2025060059968382,0.0257518159924075
ECG200,MultiROCKET,0,0.95,0.9285714285714286,0.9490028490028489,0.8863636363636364,0.928909552982077,0.19968187902122736
ECG200,MultiROCKETHydra,0,0.95,0.9285714285714286,0.9490028490028489,0.8863636363636364,1.1631288930075243,0.17735969310160726
ECG200,1NN-ED,0,0.875,0.8379120879120879,0.8709090909090909,0.7109826589595376,0.0005815420299768448,0.3241417679237202
ECG200,1NN-DTW,0,0.85,0.8021978021978022,0.8428571428571429,0.6470588235294117,0.0003888929495587945,0.25898298795800656
ECG200,ST,0,0.95,0.9285714285714286,0.9490028490028489,0.8863636363636364,13.71659633202944,0.7882431000471115
ECG200,BOSS,0,0.925,0.8928571428571428,0.9225454545454547,0.8265895953757225,10.839629490976222,0.4093081810278818
ECG200,TSF,0,0.95,0.9285714285714286,0.9490028490028489,0.8863636363636364,1.173848875099793,0.14954300795216113
ECG200,InceptionTime,0,0.925,0.9423076923076923,0.9263331138907176,0.8429319371727748,191.42334097996354,5.201675276970491
ECG200,catch22,0,0.825,0.7664835164835164,0.8136536994660564,0.5808383233532934,0.5691588500048965,0.019035061937756836
ECG200,ROCKET,1,0.925,0.9093406593406593,0.9243186582809223,0.8324022346368715,1.060423841001466,0.28902294090949
ECG200,MiniROCKET,1,0.875,0.8708791208791209,0.8759296822177147,0.7297297297297297,0.14494273799937218,0.025648940936662257
ECG200,MultiROCKET,1,0.875,0.8708791208791209,0.8759296822177147,0.7297297297297297,0.827333900029771,0.16674887808039784
ECG200,MultiROCKETHydra,1,0.9,0.8901098901098901,0.9,0.7802197802197802,0.7404811170417815,0.16198433202225715
ECG200,1NN-ED,1,0.9,0.8736263736263736,0.8980056980056978,0.7727272727272727,0.0004062630468979478,0.0013172520557418466
ECG200,1NN-DTW,1,0.75,0.7417582417582418,0.7533333333333333,0.46808510638297873,0.00038188102189451456,0.24901696806773543
ECG200,ST,1,0.925,0.9258241758241759,0.9255578093306287,0.8378378378378378,11.943546648952179,0.7384513270808384
ECG200,BOSS,1,0.875,0.8708791208791209,0.8759296822177147,0.7297297297297297,10.819443674990907,0.28599458490498364
ECG200,TSF,1,0.85,0.8516483516483516,0.852,0.6808510638297873,1.1186986130196601,0.14850303903222084
ECG200,InceptionTime,1,0.775,0.7115384615384616,0.7604118993135011,0.4610778443113772,183.99298712809104,4.52938708208967
ECG200,catch22,1,0.8,0.8296703296703296,0.8046035805626598,0.6,0.22051370097324252,0.019168145954608917
ECG200,ROCKET,2,0.9,0.905982905982906,0.9016483516483517,0.7808219178082192,1.0348575389944017,0.277240650029853
ECG200,MiniROCKET,2,0.9,0.905982905982906,0.9016483516483517,0.7808219178082192,0.12001791794318706,0.013763971044681966
ECG200,MultiROCKET,2,0.9,0.905982905982906,0.9016483516483517,0.7808219178082192,0.8334627449512482,0.19510714698117226
ECG200,MultiROCKETHydra,2,0.9,0.905982905982906,0.9016483516483517,0.7808219178082192,0.8046526380348951,0.1905678390758112
ECG200,1NN-ED,2,0.875,0.9074074074074074,0.8787030941408822,0.7409326424870466,0.0005835159681737423,0.001820854959078133
ECG200,1NN-DTW,2,0.8,0.7720797720797721,0.8,0.5441595441595442,0.0005486339796334505,0.2799637600546703
ECG200,ST,2,0.8,0.792022792022792,0.8032967032967033,0.5616438356164384,12.515165776014328,0.7993533050175756
ECG200,BOSS,2,0.85,0.829059829059829,0.85,0.6581196581196581,10.903196564060636,0.25683405494783074
ECG200,TSF,2,0.825,0.8304843304843305,0.8289046653144017,0.6236559139784946,1.1471284690778702,0.1501080400776118
ECG200,InceptionTime,2,0.575,0.6851851851851851,0.5613764927718415,0.276595744680851,184.0776308280183,4.545846331981011
ECG200,catch22,2,0.75,0.7350427350427351,0.7541208791208791,0.452054794520548,0.22387941903434694,0.02024312107823789
ECG200,ROCKET,3,0.925,0.9245014245014245,0.9256813417190776,0.8324022346368715,1.1229363820748404,0.3003606389975175
ECG200,MiniROCKET,3,0.925,0.9245014245014245,0.9256813417190776,0.8324022346368715,0.16562621702905744,0.02578629192430526
ECG200,MultiROCKET,3,0.95,0.9430199430199431,0.95,0.886039886039886,0.8908243300393224,0.19766807998530567
ECG200,MultiROCKETHydra,3,0.925,0.9245014245014245,0.9256813417190776,0.8324022346368715,0.8769470800179988,0.18348069093190134
ECG200,1NN-ED,3,0.9,0.905982905982906,0.9016483516483517,0.7808219178082192,0.0005771260475739837,0.0018493880052119493
ECG200,1NN-DTW,3,0.85,0.809116809116809,0.8464285714285715,0.6439169139465876,0.0005654309643432498,0.28264261700678617
ECG200,ST,3,0.925,0.9245014245014245,0.9256813417190776,0.8324022346368715,12.385072004981339,0.7596324770711362
ECG200,BOSS,3,0.925,0.8846153846153846,0.9220823798627003,0.8181818181818181,10.913179908995517,0.33438752603251487
ECG200,TSF,3,0.975,0.9814814814814814,0.9752271139063591,0.9441340782122905,1.1628245059400797,0.1505762180313468
ECG200,InceptionTime,3,0.9,0.9259259259259259,0.9026666666666667,0.7889182058047494,185.59427319199312,4.475308021064848
ECG200,catch22,3,0.925,0.9444444444444444,0.9266734279918865,0.8387096774193549,0.2199368909932673,0.019185644923709333
ECG200,ROCKET,4,0.95,0.9230769230769231,0.9488095238095238,0.8813056379821959,1.0563818359514698,0.2972266610013321
ECG200,MiniROCKET,4,0.925,0.8846153846153846,0.9220823798627003,0.8181818181818181,0.10979886597488075,0.013785874005407095
ECG200,MultiROCKET,4,0.95,0.9230769230769231,0.9488095238095238,0.8813056379821959,0.8215306909987703,0.17596269201021641
ECG200,MultiROCKETHydra,4,0.95,0.9230769230769231,0.9488095238095238,0.8813056379821959,0.7792009459808469,0.19434420997276902
ECG200,1NN-ED,4,0.875,0.8276353276353277,0.870137299771167,0.696969696969697,0.00040671194437891245,0.001369483070448041
ECG200,1NN-DTW,4,0.875,0.8475783475783476,0.8736363636363637,0.7093023255813953,0.0003744920250028372,0.24850609595887363
ECG200,ST,4,0.925,0.9045584045584045,0.9241818181818182,0.8255813953488372,12.324117889045738,0.756781019968912
ECG200,BOSS,4,0.95,0.9230769230769231,0.9488095238095238,0.8813056379821959,10.81521099503152,0.26966769504360855
ECG200,TSF,4,0.9,0.8660968660968661,0.8976190476190476,0.7626112759643917,1.1529035560088232,0.14752853603567928
ECG200,InceptionTime,4,0.875,0.9074074074074074,0.8787030941408822,0.7409326424870466,186.9733792389743,4.4715027930215
ECG200,catch22,4,0.775,0.7136752136752136,0.7662471395881008,0.4545454545454546,0.21881435194518417,0.019151397980749607
SwedishLeaf,ROCKET,0,0.9777777777777777,0.9777777777777779,0.9775590603315852,0.9761904761904762,9.347417327924632,1.8861084569944069
SwedishLeaf,MiniROCKET,0,0.9822222222222222,0.9822222222222223,0.9820382435510354,0.9809523809523809,0.7291804749984294,0.08721620694268495
SwedishLeaf,MultiROCKET,0,0.9911111111111112,0.9911111111111112,0.990937019969278,0.9904761904761905,5.331368613988161,0.9970366499619558
SwedishLeaf,MultiROCKETHydra,0,0.9955555555555555,0.9955555555555555,0.9955506117908787,0.9952380952380953,5.4703712170012295,0.9979032990522683
SwedishLeaf,1NN-ED,0,0.8266666666666667,0.8266666666666665,0.8252224433444308,0.8142857142857143,0.0008027090225368738,0.3448650159407407
SwedishLeaf,1NN-DTW,0,0.8311111111111111,0.8311111111111112,0.8233355357441257,0.819047619047619,0.0006791589548811316,13.635978013044223
SwedishLeaf,ST,0,0.9555555555555556,0.9555555555555556,0.9548071343232633,0.9523809523809523,222.9254541179398,4.987427214044146
SwedishLeaf,BOSS,0,0.9422222222222222,0.9422222222222223,0.9415392010933352,0.9380952380952381,136.26893734699115,3.4972663309890777
SwedishLeaf,TSF,0,0.9288888888888889,0.9288888888888889,0.9272618213849211,0.9238095238095239,10.78001009800937,1.1020116220461205
SwedishLeaf,InceptionTime,0,0.9822222222222222,0.9822222222222223,0.9825934540061347,0.9809523809523809,246.5465208600508,9.582657505059615
SwedishLeaf,catch22,0,0.92,0.9200000000000002,0.9198877661085669,0.9142857142857143,1.0061258239438757,0.08835360698867589
SwedishLeaf,ROCKET,1,0.9688888888888889,0.9688888888888889,0.9680217838825443,0.9666666666666667,7.8046616619685665,1.8450977850006893
SwedishLeaf,MiniROCKET,1,0.9822222222222222,0.9822222222222222,0.982087542087542,0.9809523809523809,0.7536046669119969,0.08607165201101452
SwedishLeaf,MultiROCKET,1,0.9866666666666667,0.9866666666666667,0.9868786386027766,0.9857142857142858,5.1440398439299315,0.9964210010366514
SwedishLeaf,MultiROCKETHydra,1,0.9866666666666667,0.9866666666666667,0.9868786386027766,0.9857142857142858,5.018661341047846,0.9978493619710207
SwedishLeaf,1NN-ED,1,0.8133333333333334,0.8133333333333334,0.8049608691199021,0.8,0.0008037639781832695,0.02820641698781401
SwedishLeaf,1NN-DTW,1,0.7955555555555556,0.7955555555555555,0.7921601633078984,0.780952380952381,0.0007647939492017031,13.650669435039163
SwedishLeaf,ST,1,0.9333333333333333,0.9333333333333335,0.9313799610315021,0.9285714285714286,222.82387864997145,4.916870551998727
SwedishLeaf,BOSS,1,0.9333333333333333,0.9333333333333333,0.9290794827085149,0.9285714285714286,137.38633831497282,3.4265320720151067
SwedishLeaf,TSF,1,0.9111111111111111,0.9111111111111113,0.906987756121939,0.9047619047619048,11.320708972983994,1.069417005055584
SwedishLeaf,InceptionTime,1,0.9644444444444444,0.9644444444444444,0.9616161616161617,0.9619047619047619,239.5102410040563,8.795057647977956
SwedishLeaf,catch22,1,0.8755555555555555,0.8755555555555556,0.8748711802966531,0.8666666666666667,0.6864957920042798,0.08919056004378945
SwedishLeaf,ROCKET,2,0.9733333333333334,0.9733333333333334,0.9734291187739462,0.9714285714285714,7.799151033977978,1.8556340879295021
SwedishLeaf,MiniROCKET,2,0.9911111111111112,0.9911111111111112,0.9911012235817576,0.9904761904761905,0.677641081972979,0.08587666810490191
SwedishLeaf,MultiROCKET,2,0.9822222222222222,0.9822222222222223,0.9820825983228654,0.9809523809523809,5.148074447992258,1.0028833239339292
SwedishLeaf,MultiROCKETHydra,2,0.9911111111111112,0.9911111111111112,0.991235632183908,0.9904761904761905,5.022750818985514,0.9987240909831598
SwedishLeaf,1NN-ED,2,0.8266666666666667,0.8266666666666668,0.8252127202045411,0.8142857142857143,0.0008129139896482229,0.02949654299300164
SwedishLeaf,1NN-DTW,2,0.8044444444444444,0.8044444444444445,0.7978086393654346,0.7904761904761904,0.0007743689930066466,13.658865871024318
SwedishLeaf,ST,2,0.9555555555555556,0.9555555555555556,0.9552112329642919,0.9523809523809523,227.73458879895043,5.028065727907233
SwedishLeaf,BOSS,2,0.9377777777777778,0.9377777777777779,0.938242937969486,0.9333333333333333,136.7098441439448,2.5738284320104867
SwedishLeaf,TSF,2,0.9155555555555556,0.9155555555555556,0.9156812637986164,0.9095238095238095,11.048037717002444,1.2691575420321897
SwedishLeaf,InceptionTime,2,0.9866666666666667,0.9866666666666667,0.9870428422152561,0.9857142857142858,242.9879808149999,8.86131296295207
SwedishLeaf,catch22,2,0.8933333333333333,0.8933333333333334,0.8937669560695144,0.8857142857142857,0.6907258729916066,0.08866411098279059
SwedishLeaf,ROCKET,3,0.96,0.9600000000000001,0.9599821510833747,0.9571428571428572,7.758779580006376,1.8461083859438077
SwedishLeaf,MiniROCKET,3,0.9466666666666667,0.9466666666666667,0.946656779137313,0.9428571428571428,0.7122943869326264,0.08600945700891316
SwedishLeaf,MultiROCKET,3,0.9555555555555556,0.9555555555555556,0.955795253236855,0.9523809523809523,5.157170758931898,1.0017216569976881
SwedishLeaf,MultiROCKETHydra,3,0.96,0.9600000000000001,0.9602084326500344,0.9571428571428572,4.966930045047775,0.9983292220858857
SwedishLeaf,1NN-ED,3,0.8488888888888889,0.8488888888888889,0.8442355266552414,0.8380952380952381,0.0008129399502649903,0.0290439740056172
SwedishLeaf,1NN-DTW,3,0.8355555555555556,0.8355555555555555,0.830631495146133,0.8238095238095238,0.0007762990426272154,13.659715628949925
SwedishLeaf,ST,3,0.9466666666666667,0.9466666666666668,0.946914436138574,0.9428571428571428,227.58673911204096,5.000308390008286
SwedishLeaf,BOSS,3,0.9333333333333333,0.9333333333333333,0.9327547418430562,0.9285714285714286,138.4713638590183,3.3431021659635007
SwedishLeaf,TSF,3,0.8844444444444445,0.8844444444444445,0.8833876457928781,0.8761904761904762,10.815959154977463,1.4727584550855681
SwedishLeaf,InceptionTime,3,0.9555555555555556,0.9555555555555556,0.9556322107387015,0.9523809523809523,246.80311628396157,8.82974929199554
SwedishLeaf,catch22,3,0.8933333333333333,0.8933333333333334,0.8933343026989562,0.8857142857142857,0.6917896849336103,0.09502846596296877
SwedishLeaf,ROCKET,4,0.9777777777777777,0.9777777777777779,0.9773905162114283,0.9761904761904762,8.128765446948819,1.8699103940743953
SwedishLeaf,MiniROCKET,4,0.9866666666666667,0.9866666666666667,0.9866518353726362,0.9857142857142858,0.8098483900539577,0.08615913102403283
SwedishLeaf,MultiROCKET,4,0.9955555555555555,0.9955555555555555,0.9955506117908788,0.9952380952380953,5.2281511429464445,0.9945231080055237
SwedishLeaf,MultiROCKETHydra,4,0.9955555555555555,0.9955555555555555,0.9955506117908788,0.9952380952380953,5.029212892986834,0.9907704899087548
SwedishLeaf,1NN-ED,4,0.8311111111111111,0.8311111111111112,0.8271738885293272,0.819047619047619,0.0008234441047534347,0.028778861043974757
SwedishLeaf,1NN-DTW,4,0.8177777777777778,0.8177777777777777,0.8058221862843532,0.8047619047619048,0.0007600219687446952,13.68812240601983
SwedishLeaf,ST,4,0.9688888888888889,0.968888888888889,0.9686840757808498,0.9666666666666667,228.4574901399901,4.900236162007786
SwedishLeaf,BOSS,4,0.9288888888888889,0.9288888888888889,0.9244886111743219,0.9238095238095239,136.8880148039898,2.851201173965819
SwedishLeaf,TSF,4,0.9422222222222222,0.9422222222222223,0.9418954040644807,0.9380952380952381,11.010784048005007,1.151327206986025
SwedishLeaf,InceptionTime,4,0.9911111111111112,0.9911111111111112,0.9911012235817576,0.9904761904761905,243.6856839050306,9.068677323055454
SwedishLeaf,catch22,4,0.9155555555555556,0.9155555555555556,0.9136522946946322,0.9095238095238095,0.7212685169652104,0.09418193600140512
SyntheticControl,ROCKET,0,0.9916666666666667,0.9916666666666667,0.9916614550760893,0.99,2.372321728966199,0.4962056940421462
SyntheticControl,MiniROCKET,0,0.9916666666666667,0.9916666666666667,0.9916614550760893,0.99,0.5289198440732434,0.0666845110245049
SyntheticControl,MultiROCKET,0,1.0,1.0,1.0,1.0,2.1102003479609266,0.37241865298710763
SyntheticControl,MultiROCKETHydra,0,1.0,1.0,1.0,1.0,1.7751941799651831,0.3260001320159063
SyntheticControl,1NN-ED,0,0.8833333333333333,0.8833333333333334,0.8731566536444585,0.86,0.0006301130633801222,0.295856882003136
SyntheticControl,1NN-DTW,0,1.0,1.0,1.0,1.0,0.0005022139521315694,0.8848557559540495
SyntheticControl,ST,0,0.9916666666666667,0.9916666666666667,0.9916614550760893,0.99,49.28542026295327,2.593317507999018
SyntheticControl,BOSS,0,0.9666666666666667,0.9666666666666667,0.9666196839816866,0.96,20.461416921927594,0.5645094839856029
SyntheticControl,TSF,0,0.975,0.975,0.9749530173150199,0.97,2.32037426403258,0.3482708280207589
SyntheticControl,InceptionTime,0,1.0,1.0,1.0,1.0,215.34072830097284,9.190932033001445
SyntheticControl,catch22,0,0.975,0.975,0.9749530173150199,0.97,0.5415431869914755,0.035580618074163795
SyntheticControl,ROCKET,1,1.0,1.0,1.0,1.0,2.144558075000532,0.49313837895169854
SyntheticControl,MiniROCKET,1,0.9833333333333333,0.9833333333333334,0.9833229101521785,0.98,0.4145937650464475,0.07305527897551656
SyntheticControl,MultiROCKET,1,1.0,1.0,1.0,1.0,2.0037756599485874,0.37136323598679155
SyntheticControl,MultiROCKETHydra,1,1.0,1.0,1.0,1.0,1.7411092100664973,0.3399293679976836
SyntheticControl,1NN-ED,1,0.9416666666666667,0.9416666666666668,0.9386254463971258,0.9299999999999999,0.000629967893473804,0.009060101001523435
SyntheticControl,1NN-DTW,1,0.9833333333333333,0.9833333333333334,0.9833229101521785,0.98,0.0005949729820713401,0.9104606539476663
SyntheticControl,ST,1,1.0,1.0,1.0,1.0,48.25590592098888,2.62059645797126
SyntheticControl,BOSS,1,0.9583333333333334,0.9583333333333334,0.9582445795539506,0.95,20.710615059011616,0.44072070391848683
SyntheticControl,TSF,1,0.9833333333333333,0.9833333333333334,0.9832915622389307,0.98,2.1144894489552826,0.2169564920477569
SyntheticControl,InceptionTime,1,1.0,1.0,1.0,1.0,210.5561476990115,8.4575717439875
SyntheticControl,catch22,1,1.0,1.0,1.0,1.0,0.332587045035325,0.03563788591418415
SyntheticControl,ROCKET,2,1.0,1.0,1.0,1.0,2.1747671300545335,0.49474816711153835
SyntheticControl,MiniROCKET,2,0.9916666666666667,0.9916666666666667,0.9916614550760893,0.99,0.3994318690383807,0.09183279203716666
SyntheticControl,MultiROCKET,2,0.9916666666666667,0.9916666666666667,0.9916614550760893,0.99,2.080444611958228,0.3769816759740934
SyntheticControl,MultiROCKETHydra,2,0.9916666666666667,0.9916666666666667,0.9916614550760893,0.99,1.7758617249783128,0.33245313295628875
SyntheticControl,1NN-ED,2,0.9166666666666666,0.9166666666666666,0.9125655509801852,0.9,0.0006297460058704019,0.009160380926914513
SyntheticControl,1NN-DTW,2,0.9916666666666667,0.9916666666666667,0.9916614550760893,0.99,0.0005852940957993269,0.9150275640422478
SyntheticControl,ST,2,0.9833333333333333,0.9833333333333334,0.9833229101521785,0.98,48.36131418903824,2.5320006870897487
SyntheticControl,BOSS,2,1.0,1.0,1.0,1.0,20.631773776956834,0.5052003060700372
SyntheticControl,TSF,2,0.9916666666666667,0.9916666666666667,0.9916614550760893,0.99,2.145843205973506,0.2199149689404294
SyntheticControl,InceptionTime,2,0.9833333333333333,0.9833333333333334,0.9833229101521785,0.98,211.44740582397208,8.494891509995796
SyntheticControl,catch22,2,0.9916666666666667,0.9916666666666667,0.9916614550760893,0.99,0.33762994804419577,0.03571890399325639
SyntheticControl,ROCKET,3,1.0,1.0,1.0,1.0,2.131710496963933,0.5037128640105948
SyntheticControl,MiniROCKET,3,0.975,0.975,0.9749694749694751,0.97,0.3863883299054578,0.09085276594851166
SyntheticControl,MultiROCKET,3,1.0,1.0,1.0,1.0,2.0168829809408635,0.36566186998970807
SyntheticControl,MultiROCKETHydra,3,1.0,1.0,1.0,1.0,1.7162018270464614,0.33195972989778966
SyntheticControl,1NN-ED,3,0.9416666666666667,0.9416666666666668,0.938999088007296,0.9299999999999999,0.000637782970443368,0.009259877959266305
SyntheticControl,1NN-DTW,3,0.9833333333333333,0.9833333333333334,0.9833229101521784,0.98,0.0005995170213282108,0.9121687319129705
SyntheticControl,ST,3,1.0,1.0,1.0,1.0,47.908756343997084,2.5549835310084745
SyntheticControl,BOSS,3,0.975,0.9750000000000001,0.9749843652282678,0.97,20.686319477041252,0.40527620096690953
SyntheticControl,TSF,3,0.9916666666666667,0.9916666666666667,0.9916614550760893,0.99,2.1170721370726824,0.2173411319963634
SyntheticControl,InceptionTime,3,1.0,1.0,1.0,1.0,212.68468792305794,8.534020374994725
SyntheticControl,catch22,3,0.9916666666666667,0.9916666666666667,0.9916614550760893,0.99,0.33196501492056996,0.03597096900921315
SyntheticControl,ROCKET,4,1.0,1.0,1.0,1.0,2.156921259011142,0.4961509288987145
SyntheticControl,MiniROCKET,4,0.975,0.975,0.9748585795097424,0.97,0.44178650493267924,0.05582808505278081
SyntheticControl,MultiROCKET,4,1.0,1.0,1.0,1.0,2.0279991830466315,0.3832317260093987
SyntheticControl,MultiROCKETHydra,4,0.9916666666666667,0.9916666666666667,0.9916614550760893,0.99,1.7015463579446077,0.3400502720614895
SyntheticControl,1NN-ED,4,0.9333333333333333,0.9333333333333332,0.9265737964688618,0.92,0.0006320249522104859,0.009258568985387683
SyntheticControl,1NN-DTW,4,1.0,1.0,1.0,1.0,0.0005909500177949667,0.910002714022994
SyntheticControl,ST,4,1.0,1.0,1.0,1.0,48.14653867308516,2.5237697740085423
SyntheticControl,BOSS,4,0.975,0.9750000000000001,0.9747811131957475,0.97,20.56661105598323,0.3976512390654534
SyntheticControl,TSF,4,1.0,1.0,1.0,1.0,2.106622891034931,0.216910385992378
SyntheticControl,InceptionTime,4,1.0,1.0,1.0,1.0,212.67547805805225,8.485844788025133
SyntheticControl,catch22,4,0.9916666666666667,0.9916666666666667,0.9916614550760893,0.99,0.33137162297498435,0.035912923980504274
Trace,ROCKET,0,1.0,1.0,1.0,1.0,3.1708051239838824,0.7425823600497097
Trace,MiniROCKET,0,1.0,1.0,1.0,1.0,0.24460143700707704,0.031971699092537165
Trace,MultiROCKET,0,1.0,1.0,1.0,1.0,2.0310564970131963,0.46272935799788684
Trace,MultiROCKETHydra,0,1.0,1.0,1.0,1.0,2.2271921620704234,0.5090409070253372
Trace,1NN-ED,0,0.825,0.825,0.818687343358396,0.7666666666666666,0.0004246709868311882,0.2910557120339945
Trace,1NN-DTW,0,1.0,1.0,1.0,1.0,0.0003950829850509763,2.0191468249540776
Trace,ST,0,1.0,1.0,1.0,1.0,32.67885070305783,1.1566199969965965
Trace,BOSS,0,1.0,1.0,1.0,1.0,41.74692507495638,1.4752845289185643
Trace,TSF,0,1.0,1.0,1.0,1.0,1.8326573430094868,0.20099108200520277
Trace,InceptionTime,0,0.95,0.95,0.9494949494949495,0.9333333333333333,222.38133423100226,5.502132610999979
Trace,catch22,0,1.0,1.0,1.0,1.0,0.4960385640151799,0.030316186021082103
Trace,ROCKET,1,1.0,1.0,1.0,1.0,2.914561146055348,0.7647897659335285
Trace,MiniROCKET,1,1.0,1.0,1.0,1.0,0.23387664300389588,0.059894082020036876
Trace,MultiROCKET,1,1.0,1.0,1.0,1.0,2.1036293919896707,0.48527723003644496
Trace,MultiROCKETHydra,1,1.0,1.0,1.0,1.0,2.220790304010734,0.5160464260261506
Trace,1NN-ED,1,0.875,0.875,0.8727686067839521,0.8333333333333334,0.0004181900294497609,0.0015120729804039001
Trace,1NN-DTW,1,1.0,1.0,1.0,1.0,0.0003867469495162368,2.015786722069606
Trace,ST,1,1.0,1.0,1.0,1.0,30.93936575902626,1.0847252079984173
Trace,BOSS,1,1.0,1.0,1.0,1.0,41.63995620806236,1.3462199119385332
Trace,TSF,1,1.0,1.0,1.0,1.0,1.8440790630411357,0.20116753899492323
Trace,InceptionTime,1,0.95,0.95,0.9494949494949495,0.9333333333333333,216.45895382296294,5.028110561077483
Trace,catch22,1,1.0,1.0,1.0,1.0,0.25530391302891076,0.030586953973397613
Trace,ROCKET,2,1.0,1.0,1.0,1.0,2.8536932750139385,0.7311380821047351
Trace,MiniROCKET,2,1.0,1.0,1.0,1.0,0.2036264908965677,0.058692854014225304
Trace,MultiROCKET,2,1.0,1.0,1.0,1.0,1.9672884329920635,0.4502517960499972
Trace,MultiROCKETHydra,2,1.0,1.0,1.0,1.0,2.165624071029015,0.5082123600877821
Trace,1NN-ED,2,0.775,0.775,0.7584384924538377,0.7,0.0004269280470907688,0.0015941469464451075
Trace,1NN-DTW,2,1.0,1.0,1.0,1.0,0.0003875120310112834,2.0082395810168236
Trace,ST,2,1.0,1.0,1.0,1.0,31.07001112611033,1.098047642968595
Trace,BOSS,2,1.0,1.0,1.0,1.0,41.89511575398501,1.382213614997454
Trace,TSF,2,1.0,1.0,1.0,1.0,1.8235929399961606,0.20044846704695374
Trace,InceptionTime,2,0.9,0.9,0.8958333333333334,0.8666666666666667,217.64329926797654,4.888176159933209
Trace,catch22,2,1.0,1.0,1.0,1.0,0.25667606806382537,0.030679135001264513
Trace,ROCKET,3,1.0,1.0,1.0,1.0,2.8795720899943262,0.7377183960052207
Trace,MiniROCKET,3,1.0,1.0,1.0,1.0,0.22002361703198403,0.06400633498560637
Trace,MultiROCKET,3,1.0,1.0,1.0,1.0,1.9609874529996887,0.4581575249321759
Trace,MultiROCKETHydra,3,1.0,1.0,1.0,1.0,2.186032034922391,0.50845186796505
Trace,1NN-ED,3,0.825,0.825,0.8161616161616161,0.7666666666666666,0.0004274760140106082,0.0015942379832267761
Trace,1NN-DTW,3,1.0,1.0,1.0,1.0,0.0003877610433846712,2.0080670450115576
Trace,ST,3,1.0,1.0,1.0,1.0,31.056024584919214,1.1164359860122204
Trace,BOSS,3,1.0,1.0,1.0,1.0,41.5885471040383,1.3586382230278105
Trace,TSF,3,1.0,1.0,1.0,1.0,1.8177202920196578,0.20159017900004983
Trace,InceptionTime,3,0.75,0.75,0.6666666666666666,0.6666666666666667,217.57464242097922,4.791757532977499
Trace,catch22,3,1.0,1.0,1.0,1.0,0.25163557194173336,0.031038240995258093
Trace,ROCKET,4,1.0,1.0,1.0,1.0,2.835029558977112,0.7216267930343747
Trace,MiniROCKET,4,1.0,1.0,1.0,1.0,0.20873091893736273,0.03208336606621742
Trace,MultiROCKET,4,1.0,1.0,1.0,1.0,1.9801266889553517,0.45959631097503006
Trace,MultiROCKETHydra,4,1.0,1.0,1.0,1.0,2.169485150021501,0.49934960599057376
Trace,1NN-ED,4,0.8,0.8,0.7846597846597847,0.7333333333333334,0.00043422693852335215,0.0015857788966968656
Trace,1NN-DTW,4,1.0,1.0,1.0,1.0,0.0003860199358314276,2.0108728480990976
Trace,ST,4,1.0,1.0,1.0,1.0,31.033088836004026,1.128280377946794
Trace,BOSS,4,1.0,1.0,1.0,1.0,41.81449702603277,1.3138130289735273
Trace,TSF,4,1.0,1.0,1.0,1.0,1.813917689025402,0.2006513000233099
Trace,InceptionTime,4,0.9,0.9,0.8929865424430641,0.8666666666666667,220.10021899698768,4.931102272006683
Trace,catch22,4,1.0,1.0,1.0,1.0,0.2555354629876092,0.030795143102295697
TwoPatterns,ROCKET,0,1.0,1.0,1.0,1.0,41.51557171205059,8.07410531397909
TwoPatterns,MiniROCKET,0,0.999,0.999,0.9989999540189365,0.9986662523157194,9.174683744087815,0.3065396210877225
TwoPatterns,MultiROCKET,0,1.0,1.0,1.0,1.0,42.70416110299993,5.664011002983898
TwoPatterns,MultiROCKETHydra,0,1.0,1.0,1.0,1.0,35.26540919998661,5.558300030999817
TwoPatterns,1NN-ED,0,0.989,0.9890310552555047,0.9890024079316534,0.9853293624807782,0.0015019529964774847,0.6741547549609095
TwoPatterns,1NN-DTW,0,1.0,1.0,1.0,1.0,0.0011572899529710412,269.5319015379064
TwoPatterns,ST,0,0.998,0.9980421455938697,0.9980000798081412,0.9973326184750847,626.275321174995,10.348619648022577
TwoPatterns,BOSS,0,0.999,0.998995983935743,0.9990000334648222,0.9986662878924281,1823.694809979992,23.477816650061868
TwoPatterns,TSF,0,0.996,0.9959964628629461,0.9960038282355137,0.9946649452223251,47.57620422798209,6.515072487993166
TwoPatterns,InceptionTime,0,1.0,1.0,1.0,1.0,575.2331758319633,9.676706325029954
TwoPatterns,catch22,0,0.877,0.8767911646586345,0.8766115706976982,0.8359507852355706,2.8420216710073873,0.3429656410589814
TwoPatterns,ROCKET,1,1.0,1.0,1.0,1.0,41.403497328050435,8.073685996001586
TwoPatterns,MiniROCKET,1,1.0,1.0,1.0,1.0,9.174278488964774,0.305906570982188
TwoPatterns,MultiROCKET,1,1.0,1.0,1.0,1.0,37.92664752190467,5.65191023692023
TwoPatterns,MultiROCKETHydra,1,1.0,1.0,1.0,1.0,35.09248961508274,5.536772632040083
TwoPatterns,1NN-ED,1,0.986,0.9860230231269907,0.9860087663532641,0.9813287028516405,0.0015049109933897853,0.4088012980064377
TwoPatterns,1NN-DTW,1,1.0,1.0,1.0,1.0,0.0011663349578157067,269.43868414498866
TwoPatterns,ST,1,0.999,0.998995983935743,0.9989999499867271,0.9986662505368341,622.4169024670264,10.457038960885257
TwoPatterns,BOSS,1,1.0,1.0,1.0,1.0,1752.2037679100176,22.361314676934853
TwoPatterns,TSF,1,0.996,0.995995983935743,0.9959995505674378,0.9946649167593637,48.860863848007284,7.045826522051357
TwoPatterns,InceptionTime,1,1.0,1.0,1.0,1.0,565.7711820079712,9.096784078050405
TwoPatterns,catch22,1,0.869,0.868745481927711,0.868711107004365,0.825282315769538,2.7186215450055897,0.3465739410603419
TwoPatterns,ROCKET,2,1.0,1.0,1.0,1.0,41.21474056108855,8.075529257999733
TwoPatterns,MiniROCKET,2,1.0,1.0,1.0,1.0,9.143011884065345,0.30424764403142035
TwoPatterns,MultiROCKET,2,1.0,1.0,1.0,1.0,38.0535503589781,5.655526374001056
TwoPatterns,MultiROCKETHydra,2,1.0,1.0,1.0,1.0,35.06966863502748,5.547867620945908
TwoPatterns,1NN-ED,2,0.982,0.9819512590592254,0.9819579194267888,0.9759927658201004,0.001524847000837326,0.4121165679534897
TwoPatterns,1NN-DTW,2,1.0,1.0,1.0,1.0,0.0011481839464977384,269.2212035499979
TwoPatterns,ST,2,0.998,0.9979166666666667,0.9979998158995815,0.9973324797268459,614.658324433025,10.420719373039901
TwoPatterns,BOSS,2,1.0,1.0,1.0,1.0,1794.3460572049953,22.052039178903215
TwoPatterns,TSF,2,0.995,0.9949543172690762,0.9950051109581834,0.9933308790968409,49.24472507997416,7.365683774929494
TwoPatterns,InceptionTime,2,1.0,1.0,1.0,1.0,567.3079392439686,8.915422672987916
TwoPatterns,catch22,2,0.869,0.8687269076305221,0.8688526123140727,0.825282781818206,2.6431898419978097,0.34694399998988956
TwoPatterns,ROCKET,3,1.0,1.0,1.0,1.0,41.135779154952615,8.049244947033003
TwoPatterns,MiniROCKET,3,1.0,1.0,1.0,1.0,9.19475791300647,0.3045910350047052
TwoPatterns,MultiROCKET,3,1.0,1.0,1.0,1.0,37.901218123035505,5.660656903986819
TwoPatterns,MultiROCKETHydra,3,1.0,1.0,1.0,1.0,35.25735379999969,5.544310732046142
TwoPatterns,1NN-ED,3,0.984,0.9840793995843152,0.9840183607336788,0.9786618869293389,0.0015209319535642862,0.3933170820819214
TwoPatterns,1NN-DTW,3,1.0,1.0,1.0,1.0,0.001065760967321694,269.5048090160126
TwoPatterns,ST,3,0.999,0.9990421455938697,0.9990000423111097,0.9986663252459296,607.4953492649365,10.143539536977187
TwoPatterns,BOSS,3,0.999,0.998995983935743,0.99900002916047,0.9986663181311383,1762.7674142749747,22.09658632997889
TwoPatterns,TSF,3,0.999,0.998995983935743,0.9989999499867271,0.9986662825560428,50.58480478799902,7.444348026998341
TwoPatterns,InceptionTime,3,1.0,1.0,1.0,1.0,567.4972796459915,8.913296295912005
TwoPatterns,catch22,3,0.881,0.8805220883534137,0.8807943459562374,0.8412876241690941,2.6268503890605643,0.3426453190622851
TwoPatterns,ROCKET,4,1.0,1.0,1.0,1.0,41.15022718592081,8.058827681001276
TwoPatterns,MiniROCKET,4,0.999,0.998995983935743,0.9989999463447351,0.9986662060631605,9.191738018998876,0.3057114810217172
TwoPatterns,MultiROCKET,4,1.0,1.0,1.0,1.0,37.98750962107442,5.6785521999699995
TwoPatterns,MultiROCKETHydra,4,1.0,1.0,1.0,1.0,35.08167934906669,5.565700832987204
TwoPatterns,1NN-ED,4,0.988,0.9881012600018395,0.9879953497789259,0.9839949637485929,0.0014994769589975476,0.4003573430236429
TwoPatterns,1NN-DTW,4,1.0,1.0,1.0,1.0,0.0010384350316599011,269.5004071830772
TwoPatterns,ST,4,0.999,0.9989583333333334,0.9989999581626718,0.9986662131791476,615.1858584759757,10.008693880983628
TwoPatterns,BOSS,4,1.0,1.0,1.0,1.0,1771.6299055429408,23.356801328016445
TwoPatterns,TSF,4,0.997,0.9970499363867684,0.9970001267450473,0.995998778293639,50.247506089974195,7.986531901056878
TwoPatterns,InceptionTime,4,1.0,1.0,1.0,1.0,570.0534745749319,8.937285059015267
TwoPatterns,catch22,4,0.887,0.8865461847389559,0.8868741452080214,0.8492812851371341,2.608087961911224,0.3405227391049266
EthanolLevel,InceptionTime,0,0.6368159203980099,0.635,0.5585564493266638,0.5149421487603305,920.8432358909631,10.277726646047086
EthanolLevel,InceptionTime,1,0.5174129353233831,0.515,0.401111600721298,0.35466039984112296,923.3405328120571,9.529609211953357
EthanolLevel,InceptionTime,2,0.48756218905472637,0.49,0.3827998847007577,0.317790885425248,918.4106576690683,9.547005775966682
EthanolLevel,InceptionTime,3,0.373134328358209,0.37470588235294117,0.30152092910601075,0.16468221247402615,921.6987155800452,10.12648715393152
EthanolLevel,InceptionTime,4,0.765,0.7649999999999999,0.7124527955468204,0.6866666666666666,928.773047878989,10.12683315994218
